[{"model": "classifieds.locale", "pk": 462, "fields": {"locale_name": "zurich", "abbreviation": "zur", "province": 126, "region": 4}}, {"model": "classifieds.locale", "pk": 463, "fields": {"locale_name": "zanesville / cambridge", "abbreviation": "zyl", "province": 51, "region": 7}}, {"model": "classifieds.locale", "pk": 464, "fields": {"locale_name": "zamboanga", "abbreviation": "zam", "province": 113, "region": 2}}, {"model": "classifieds.locale", "pk": 465, "fields": {"locale_name": "yuma", "abbreviation": "yum", "province": 18, "region": 7}}, {"model": "classifieds.locale", "pk": 466, "fields": {"locale_name": "yucatan", "abbreviation": "yuc", "province": 100, "region": 5}}, {"model": "classifieds.locale", "pk": 467, "fields": {"locale_name": "yuba-sutter", "abbreviation": "ybs", "province": 20, "region": 7}}, {"model": "classifieds.locale", "pk": 468, "fields": {"locale_name": "youngstown", "abbreviation": "yng", "province": 51, "region": 7}}, {"model": "classifieds.locale", "pk": 469, "fields": {"locale_name": "york PA", "abbreviation": "yrk", "province": 54, "region": 7}}, {"model": "classifieds.locale", "pk": 470, "fields": {"locale_name": "yellowknife", "abbreviation": "ykf", "province": 106, "region": 3}}, {"model": "classifieds.locale", "pk": 471, "fields": {"locale_name": "yakima", "abbreviation": "yak", "province": 64, "region": 7}}, {"model": "classifieds.locale", "pk": 472, "fields": {"locale_name": "xi'an", "abbreviation": "xiy", "province": 4, "region": 2}}, {"model": "classifieds.locale", "pk": 473, "fields": {"locale_name": "wyoming", "abbreviation": "wyo", "province": 67, "region": 7}}, {"model": "classifieds.locale", "pk": 474, "fields": {"locale_name": "wuhan", "abbreviation": "wuh", "province": 4, "region": 2}}, {"model": "classifieds.locale", "pk": 475, "fields": {"locale_name": "worcester / central MA", "abbreviation": "wor", "province": 37, "region": 7}}, {"model": "classifieds.locale", "pk": 476, "fields": {"locale_name": "wollongong", "abbreviation": "wol", "province": 14, "region": 6}}, {"model": "classifieds.locale", "pk": 477, "fields": {"locale_name": "winston-salem", "abbreviation": "wsl", "province": 49, "region": 7}}, {"model": "classifieds.locale", "pk": 478, "fields": {"locale_name": "winnipeg", "abbreviation": "win", "province": 99, "region": 3}}, {"model": "classifieds.locale", "pk": 479, "fields": {"locale_name": "windsor", "abbreviation": "wsr", "province": 109, "region": 3}}, {"model": "classifieds.locale", "pk": 480, "fields": {"locale_name": "winchester", "abbreviation": "okv", "province": 63, "region": 7}}, {"model": "classifieds.locale", "pk": 481, "fields": {"locale_name": "wilmington NC", "abbreviation": "wnc", "province": 49, "region": 7}}, {"model": "classifieds.locale", "pk": 482, "fields": {"locale_name": "williamsport", "abbreviation": "wpt", "province": 54, "region": 7}}, {"model": "classifieds.locale", "pk": 483, "fields": {"locale_name": "wichita falls", "abbreviation": "wtf", "province": 59, "region": 7}}, {"model": "classifieds.locale", "pk": 484, "fields": {"locale_name": "wichita", "abbreviation": "wic", "province": 32, "region": 7}}, {"model": "classifieds.locale", "pk": 485, "fields": {"locale_name": "whitehorse", "abbreviation": "whh", "province": 137, "region": 3}}, {"model": "classifieds.locale", "pk": 486, "fields": {"locale_name": "whistler BC", "abbreviation": "whi", "province": 3, "region": 3}}, {"model": "classifieds.locale", "pk": 487, "fields": {"locale_name": "western slope", "abbreviation": "gjt", "province": 21, "region": 7}}, {"model": "classifieds.locale", "pk": 488, "fields": {"locale_name": "western massachusetts", "abbreviation": "wma", "province": 37, "region": 7}}, {"model": "classifieds.locale", "pk": 489, "fields": {"locale_name": "western maryland", "abbreviation": "wmd", "province": 36, "region": 7}}, {"model": "classifieds.locale", "pk": 490, "fields": {"locale_name": "western KY", "abbreviation": "wky", "province": 33, "region": 7}}, {"model": "classifieds.locale", "pk": 491, "fields": {"locale_name": "western IL", "abbreviation": "qcy", "province": 29, "region": 7}}, {"model": "classifieds.locale", "pk": 492, "fields": {"locale_name": "west virginia (old)", "abbreviation": "wva", "province": 65, "region": 7}}, {"model": "classifieds.locale", "pk": 493, "fields": {"locale_name": "west palm beach", "abbreviation": "mia", "province": 25, "region": 7}}, {"model": "classifieds.locale", "pk": 494, "fields": {"locale_name": "west bank", "abbreviation": "pal", "province": 90, "region": 2}}, {"model": "classifieds.locale", "pk": 495, "fields": {"locale_name": "wenatchee", "abbreviation": "wen", "province": 64, "region": 7}}, {"model": "classifieds.locale", "pk": 496, "fields": {"locale_name": "wellington", "abbreviation": "wll", "province": 103, "region": 6}}, {"model": "classifieds.locale", "pk": 497, "fields": {"locale_name": "wausau", "abbreviation": "wau", "province": 66, "region": 7}}, {"model": "classifieds.locale", "pk": 498, "fields": {"locale_name": "watertown", "abbreviation": "wtn", "province": 48, "region": 7}}, {"model": "classifieds.locale", "pk": 499, "fields": {"locale_name": "waterloo / cedar falls", "abbreviation": "wlo", "province": 31, "region": 7}}, {"model": "classifieds.locale", "pk": 500, "fields": {"locale_name": "washington DC", "abbreviation": "wdc", "province": 24, "region": 7}}, {"model": "classifieds.locale", "pk": 501, "fields": {"locale_name": "waco", "abbreviation": "wco", "province": 59, "region": 7}}, {"model": "classifieds.locale", "pk": 502, "fields": {"locale_name": "visalia-tulare", "abbreviation": "vis", "province": 20, "region": 7}}, {"model": "classifieds.locale", "pk": 504, "fields": {"locale_name": "virgin islands", "abbreviation": "vrg", "province": 62, "region": 5}}, {"model": "classifieds.locale", "pk": 505, "fields": {"locale_name": "vietnam", "abbreviation": "vtn", "province": 136, "region": 2}}, {"model": "classifieds.locale", "pk": 506, "fields": {"locale_name": "victoria TX", "abbreviation": "vtx", "province": 59, "region": 7}}, {"model": "classifieds.locale", "pk": 507, "fields": {"locale_name": "victoria", "abbreviation": "vic", "province": 3, "region": 3}}, {"model": "classifieds.locale", "pk": 508, "fields": {"locale_name": "vermont", "abbreviation": "brl", "province": 61, "region": 7}}, {"model": "classifieds.locale", "pk": 509, "fields": {"locale_name": "veracruz", "abbreviation": "vcz", "province": 100, "region": 5}}, {"model": "classifieds.locale", "pk": 510, "fields": {"locale_name": "ventura county", "abbreviation": "oxr", "province": 20, "region": 7}}, {"model": "classifieds.locale", "pk": 511, "fields": {"locale_name": "venice / veneto", "abbreviation": "vce", "province": 91, "region": 4}}, {"model": "classifieds.locale", "pk": 512, "fields": {"locale_name": "venezuela", "abbreviation": "ccs", "province": 135, "region": 5}}, {"model": "classifieds.locale", "pk": 513, "fields": {"locale_name": "vancouver BC", "abbreviation": "van", "province": 3, "region": 3}}, {"model": "classifieds.locale", "pk": 514, "fields": {"locale_name": "valencia", "abbreviation": "val", "province": 124, "region": 4}}, {"model": "classifieds.locale", "pk": 515, "fields": {"locale_name": "valdosta", "abbreviation": "vld", "province": 26, "region": 7}}, {"model": "classifieds.locale", "pk": 516, "fields": {"locale_name": "utica-rome-oneida", "abbreviation": "uti", "province": 48, "region": 7}}, {"model": "classifieds.locale", "pk": 517, "fields": {"locale_name": "upper peninsula", "abbreviation": "yup", "province": 38, "region": 7}}, {"model": "classifieds.locale", "pk": 518, "fields": {"locale_name": "united arab emirates", "abbreviation": "uae", "province": 132, "region": 2}}, {"model": "classifieds.locale", "pk": 519, "fields": {"locale_name": "ukraine", "abbreviation": "kbp", "province": 131, "region": 4}}, {"model": "classifieds.locale", "pk": 520, "fields": {"locale_name": "tyler / east TX", "abbreviation": "etx", "province": 59, "region": 7}}, {"model": "classifieds.locale", "pk": 521, "fields": {"locale_name": "twin tiers NY/PA", "abbreviation": "tts", "province": 48, "region": 7}}, {"model": "classifieds.locale", "pk": 522, "fields": {"locale_name": "twin falls", "abbreviation": "twf", "province": 28, "region": 7}}, {"model": "classifieds.locale", "pk": 523, "fields": {"locale_name": "tuscarawas co", "abbreviation": "nph", "province": 51, "region": 7}}, {"model": "classifieds.locale", "pk": 524, "fields": {"locale_name": "tuscaloosa", "abbreviation": "tsc", "province": 16, "region": 7}}, {"model": "classifieds.locale", "pk": 525, "fields": {"locale_name": "turkey", "abbreviation": "ist", "province": 130, "region": 4}}, {"model": "classifieds.locale", "pk": 526, "fields": {"locale_name": "tunisia", "abbreviation": "tun", "province": 129, "region": 1}}, {"model": "classifieds.locale", "pk": 527, "fields": {"locale_name": "tulsa", "abbreviation": "tul", "province": 52, "region": 7}}, {"model": "classifieds.locale", "pk": 528, "fields": {"locale_name": "tucson", "abbreviation": "tus", "province": 18, "region": 7}}, {"model": "classifieds.locale", "pk": 529, "fields": {"locale_name": "trois-rivieres", "abbreviation": "trs", "province": 118, "region": 3}}, {"model": "classifieds.locale", "pk": 530, "fields": {"locale_name": "tri-cities TN", "abbreviation": "tri", "province": 57, "region": 7}}, {"model": "classifieds.locale", "pk": 531, "fields": {"locale_name": "treasure coast", "abbreviation": "psl", "province": 25, "region": 7}}, {"model": "classifieds.locale", "pk": 532, "fields": {"locale_name": "toulouse", "abbreviation": "tls", "province": 77, "region": 4}}, {"model": "classifieds.locale", "pk": 533, "fields": {"locale_name": "toronto", "abbreviation": "tor", "province": 109, "region": 3}}, {"model": "classifieds.locale", "pk": 534, "fields": {"locale_name": "torino", "abbreviation": "trn", "province": 91, "region": 4}}, {"model": "classifieds.locale", "pk": 535, "fields": {"locale_name": "topeka", "abbreviation": "tpk", "province": 32, "region": 7}}, {"model": "classifieds.locale", "pk": 536, "fields": {"locale_name": "toledo", "abbreviation": "tol", "province": 51, "region": 7}}, {"model": "classifieds.locale", "pk": 537, "fields": {"locale_name": "tokyo", "abbreviation": "tok", "province": 92, "region": 2}}, {"model": "classifieds.locale", "pk": 538, "fields": {"locale_name": "tijuana", "abbreviation": "tij", "province": 100, "region": 5}}, {"model": "classifieds.locale", "pk": 539, "fields": {"locale_name": "thunder bay", "abbreviation": "tby", "province": 109, "region": 3}}, {"model": "classifieds.locale", "pk": 540, "fields": {"locale_name": "the thumb", "abbreviation": "thb", "province": 38, "region": 7}}, {"model": "classifieds.locale", "pk": 541, "fields": {"locale_name": "thailand", "abbreviation": "bkk", "province": 128, "region": 2}}, {"model": "classifieds.locale", "pk": 542, "fields": {"locale_name": "texoma", "abbreviation": "txm", "province": 59, "region": 7}}, {"model": "classifieds.locale", "pk": 543, "fields": {"locale_name": "texarkana", "abbreviation": "txk", "province": 19, "region": 7}}, {"model": "classifieds.locale", "pk": 544, "fields": {"locale_name": "territories", "abbreviation": "toc", "province": 106, "region": 3}}, {"model": "classifieds.locale", "pk": 545, "fields": {"locale_name": "terre haute", "abbreviation": "tha", "province": 30, "region": 7}}, {"model": "classifieds.locale", "pk": 546, "fields": {"locale_name": "tel aviv", "abbreviation": "tlv", "province": 90, "region": 2}}, {"model": "classifieds.locale", "pk": 547, "fields": {"locale_name": "tasmania", "abbreviation": "hba", "province": 14, "region": 6}}, {"model": "classifieds.locale", "pk": 548, "fields": {"locale_name": "tampa bay area", "abbreviation": "tpa", "province": 25, "region": 7}}, {"model": "classifieds.locale", "pk": 549, "fields": {"locale_name": "tallahassee", "abbreviation": "tal", "province": 25, "region": 7}}, {"model": "classifieds.locale", "pk": 550, "fields": {"locale_name": "taiwan", "abbreviation": "twd", "province": 127, "region": 2}}, {"model": "classifieds.locale", "pk": 551, "fields": {"locale_name": "syracuse", "abbreviation": "syr", "province": 48, "region": 7}}, {"model": "classifieds.locale", "pk": 552, "fields": {"locale_name": "sydney", "abbreviation": "syd", "province": 14, "region": 6}}, {"model": "classifieds.locale", "pk": 553, "fields": {"locale_name": "sweden", "abbreviation": "sth", "province": 125, "region": 4}}, {"model": "classifieds.locale", "pk": 554, "fields": {"locale_name": "susanville", "abbreviation": "ssn", "province": 20, "region": 7}}, {"model": "classifieds.locale", "pk": 555, "fields": {"locale_name": "surat surat", "abbreviation": "svt", "province": 85, "region": 2}}, {"model": "classifieds.locale", "pk": 556, "fields": {"locale_name": "sunshine coast", "abbreviation": "sun", "province": 3, "region": 3}}, {"model": "classifieds.locale", "pk": 557, "fields": {"locale_name": "sudbury", "abbreviation": "sud", "province": 109, "region": 3}}, {"model": "classifieds.locale", "pk": 558, "fields": {"locale_name": "stuttgart", "abbreviation": "str", "province": 78, "region": 4}}, {"model": "classifieds.locale", "pk": 559, "fields": {"locale_name": "strasbourg", "abbreviation": "sxb", "province": 77, "region": 4}}, {"model": "classifieds.locale", "pk": 560, "fields": {"locale_name": "stockton", "abbreviation": "stk", "province": 20, "region": 7}}, {"model": "classifieds.locale", "pk": 561, "fields": {"locale_name": "stillwater", "abbreviation": "osu", "province": 52, "region": 7}}, {"model": "classifieds.locale", "pk": 562, "fields": {"locale_name": "statesboro", "abbreviation": "tbr", "province": 26, "region": 7}}, {"model": "classifieds.locale", "pk": 563, "fields": {"locale_name": "state college", "abbreviation": "psu", "province": 54, "region": 7}}, {"model": "classifieds.locale", "pk": 564, "fields": {"locale_name": "st petersburg", "abbreviation": "stp", "province": 120, "region": 4}}, {"model": "classifieds.locale", "pk": 565, "fields": {"locale_name": "st louis MO", "abbreviation": "stl", "province": 41, "region": 7}}, {"model": "classifieds.locale", "pk": 566, "fields": {"locale_name": "st joseph", "abbreviation": "stj", "province": 41, "region": 7}}, {"model": "classifieds.locale", "pk": 567, "fields": {"locale_name": "st john's NL", "abbreviation": "nfl", "province": 104, "region": 3}}, {"model": "classifieds.locale", "pk": 568, "fields": {"locale_name": "st george", "abbreviation": "stg", "province": 60, "region": 7}}, {"model": "classifieds.locale", "pk": 569, "fields": {"locale_name": "st cloud", "abbreviation": "stc", "province": 39, "region": 7}}, {"model": "classifieds.locale", "pk": 570, "fields": {"locale_name": "st augustine", "abbreviation": "ust", "province": 25, "region": 7}}, {"model": "classifieds.locale", "pk": 571, "fields": {"locale_name": "springfield MO", "abbreviation": "sgf", "province": 41, "region": 7}}, {"model": "classifieds.locale", "pk": 572, "fields": {"locale_name": "springfield IL", "abbreviation": "spi", "province": 29, "region": 7}}, {"model": "classifieds.locale", "pk": 573, "fields": {"locale_name": "spokane / coeur d'alene", "abbreviation": "spk", "province": 64, "region": 7}}, {"model": "classifieds.locale", "pk": 574, "fields": {"locale_name": "space coast", "abbreviation": "mlb", "province": 25, "region": 7}}, {"model": "classifieds.locale", "pk": 575, "fields": {"locale_name": "southwest VA", "abbreviation": "vaw", "province": 63, "region": 7}}, {"model": "classifieds.locale", "pk": 576, "fields": {"locale_name": "southwest TX", "abbreviation": "wtx", "province": 59, "region": 7}}, {"model": "classifieds.locale", "pk": 577, "fields": {"locale_name": "southwest MS", "abbreviation": "hez", "province": 40, "region": 7}}, {"model": "classifieds.locale", "pk": 578, "fields": {"locale_name": "southwest MN", "abbreviation": "mml", "province": 39, "region": 7}}, {"model": "classifieds.locale", "pk": 579, "fields": {"locale_name": "southwest michigan", "abbreviation": "swm", "province": 38, "region": 7}}, {"model": "classifieds.locale", "pk": 580, "fields": {"locale_name": "southwest KS", "abbreviation": "swk", "province": 32, "region": 7}}, {"model": "classifieds.locale", "pk": 581, "fields": {"locale_name": "southern WV", "abbreviation": "swv", "province": 65, "region": 7}}, {"model": "classifieds.locale", "pk": 582, "fields": {"locale_name": "southern maryland", "abbreviation": "smd", "province": 36, "region": 7}}, {"model": "classifieds.locale", "pk": 583, "fields": {"locale_name": "southern illinois", "abbreviation": "cbd", "province": 29, "region": 7}}, {"model": "classifieds.locale", "pk": 584, "fields": {"locale_name": "southeast missouri", "abbreviation": "smo", "province": 41, "region": 7}}, {"model": "classifieds.locale", "pk": 585, "fields": {"locale_name": "southeast KS", "abbreviation": "sek", "province": 32, "region": 7}}, {"model": "classifieds.locale", "pk": 586, "fields": {"locale_name": "southeast IA", "abbreviation": "otu", "province": 31, "region": 7}}, {"model": "classifieds.locale", "pk": 587, "fields": {"locale_name": "southeast alaska", "abbreviation": "jnu", "province": 17, "region": 7}}, {"model": "classifieds.locale", "pk": 588, "fields": {"locale_name": "south jersey", "abbreviation": "snj", "province": 46, "region": 7}}, {"model": "classifieds.locale", "pk": 589, "fields": {"locale_name": "south florida", "abbreviation": "mia", "province": 25, "region": 7}}, {"model": "classifieds.locale", "pk": 590, "fields": {"locale_name": "south dakota", "abbreviation": "sdk", "province": 56, "region": 7}}, {"model": "classifieds.locale", "pk": 591, "fields": {"locale_name": "south coast", "abbreviation": "sma", "province": 37, "region": 7}}, {"model": "classifieds.locale", "pk": 592, "fields": {"locale_name": "south bend / michiana", "abbreviation": "sbn", "province": 30, "region": 7}}, {"model": "classifieds.locale", "pk": 593, "fields": {"locale_name": "skeena-bulkley", "abbreviation": "ske", "province": 3, "region": 3}}, {"model": "classifieds.locale", "pk": 594, "fields": {"locale_name": "skagit / island / SJI", "abbreviation": "mvw", "province": 64, "region": 7}}, {"model": "classifieds.locale", "pk": 595, "fields": {"locale_name": "siskiyou county", "abbreviation": "ssk", "province": 20, "region": 7}}, {"model": "classifieds.locale", "pk": 596, "fields": {"locale_name": "sioux falls / SE SD", "abbreviation": "fsd", "province": 56, "region": 7}}, {"model": "classifieds.locale", "pk": 597, "fields": {"locale_name": "sioux city IA", "abbreviation": "sux", "province": 31, "region": 7}}, {"model": "classifieds.locale", "pk": 598, "fields": {"locale_name": "singapore", "abbreviation": "sng", "province": 122, "region": 2}}, {"model": "classifieds.locale", "pk": 599, "fields": {"locale_name": "sierra vista", "abbreviation": "fhu", "province": 18, "region": 7}}, {"model": "classifieds.locale", "pk": 600, "fields": {"locale_name": "sicilia", "abbreviation": "sic", "province": 91, "region": 4}}, {"model": "classifieds.locale", "pk": 601, "fields": {"locale_name": "shreveport", "abbreviation": "shv", "province": 34, "region": 7}}, {"model": "classifieds.locale", "pk": 602, "fields": {"locale_name": "show low", "abbreviation": "sow", "province": 18, "region": 7}}, {"model": "classifieds.locale", "pk": 603, "fields": {"locale_name": "sherbrooke", "abbreviation": "shb", "province": 118, "region": 3}}, {"model": "classifieds.locale", "pk": 604, "fields": {"locale_name": "shenzhen", "abbreviation": "szx", "province": 4, "region": 2}}, {"model": "classifieds.locale", "pk": 605, "fields": {"locale_name": "shenyang", "abbreviation": "she", "province": 4, "region": 2}}, {"model": "classifieds.locale", "pk": 606, "fields": {"locale_name": "sheffield", "abbreviation": "shf", "province": 133, "region": 4}}, {"model": "classifieds.locale", "pk": 607, "fields": {"locale_name": "sheboygan WI", "abbreviation": "sbm", "province": 66, "region": 7}}, {"model": "classifieds.locale", "pk": 608, "fields": {"locale_name": "shanghai", "abbreviation": "sha", "province": 4, "region": 2}}, {"model": "classifieds.locale", "pk": 609, "fields": {"locale_name": "SF bay area", "abbreviation": "sfo", "province": 20, "region": 7}}, {"model": "classifieds.locale", "pk": 610, "fields": {"locale_name": "sevilla", "abbreviation": "sev", "province": 124, "region": 4}}, {"model": "classifieds.locale", "pk": 611, "fields": {"locale_name": "seoul", "abbreviation": "sel", "province": 94, "region": 2}}, {"model": "classifieds.locale", "pk": 612, "fields": {"locale_name": "sendai", "abbreviation": "sdj", "province": 92, "region": 2}}, {"model": "classifieds.locale", "pk": 613, "fields": {"locale_name": "seattle-tacoma", "abbreviation": "sea", "province": 64, "region": 7}}, {"model": "classifieds.locale", "pk": 614, "fields": {"locale_name": "scranton / wilkes-barre", "abbreviation": "avp", "province": 54, "region": 7}}, {"model": "classifieds.locale", "pk": 615, "fields": {"locale_name": "scottsbluff / panhandle", "abbreviation": "bff", "province": 43, "region": 7}}, {"model": "classifieds.locale", "pk": 616, "fields": {"locale_name": "savannah / hinesville", "abbreviation": "sav", "province": 26, "region": 7}}, {"model": "classifieds.locale", "pk": 617, "fields": {"locale_name": "sault ste marie ON", "abbreviation": "soo", "province": 109, "region": 3}}, {"model": "classifieds.locale", "pk": 618, "fields": {"locale_name": "saskatoon", "abbreviation": "skt", "province": 121, "region": 3}}, {"model": "classifieds.locale", "pk": 619, "fields": {"locale_name": "sarnia", "abbreviation": "srn", "province": 109, "region": 3}}, {"model": "classifieds.locale", "pk": 620, "fields": {"locale_name": "sardinia", "abbreviation": "srd", "province": 91, "region": 4}}, {"model": "classifieds.locale", "pk": 621, "fields": {"locale_name": "sarasota-bradenton", "abbreviation": "srq", "province": 25, "region": 7}}, {"model": "classifieds.locale", "pk": 622, "fields": {"locale_name": "sapporo", "abbreviation": "spp", "province": 92, "region": 2}}, {"model": "classifieds.locale", "pk": 623, "fields": {"locale_name": "sao paulo", "abbreviation": "spo", "province": 11, "region": 5}}, {"model": "classifieds.locale", "pk": 624, "fields": {"locale_name": "santa maria", "abbreviation": "smx", "province": 20, "region": 7}}, {"model": "classifieds.locale", "pk": 625, "fields": {"locale_name": "santa fe / taos", "abbreviation": "saf", "province": 47, "region": 7}}, {"model": "classifieds.locale", "pk": 626, "fields": {"locale_name": "santa barbara", "abbreviation": "sba", "province": 20, "region": 7}}, {"model": "classifieds.locale", "pk": 627, "fields": {"locale_name": "sandusky", "abbreviation": "sky", "province": 51, "region": 7}}, {"model": "classifieds.locale", "pk": 628, "fields": {"locale_name": "san marcos", "abbreviation": "tsu", "province": 59, "region": 7}}, {"model": "classifieds.locale", "pk": 629, "fields": {"locale_name": "san luis obispo", "abbreviation": "slo", "province": 20, "region": 7}}, {"model": "classifieds.locale", "pk": 630, "fields": {"locale_name": "san diego", "abbreviation": "sdo", "province": 20, "region": 7}}, {"model": "classifieds.locale", "pk": 631, "fields": {"locale_name": "san antonio", "abbreviation": "sat", "province": 59, "region": 7}}, {"model": "classifieds.locale", "pk": 632, "fields": {"locale_name": "san angelo", "abbreviation": "sjt", "province": 59, "region": 7}}, {"model": "classifieds.locale", "pk": 633, "fields": {"locale_name": "salvador bahia", "abbreviation": "ssa", "province": 11, "region": 5}}, {"model": "classifieds.locale", "pk": 634, "fields": {"locale_name": "salt lake city", "abbreviation": "slc", "province": 60, "region": 7}}, {"model": "classifieds.locale", "pk": 635, "fields": {"locale_name": "salina", "abbreviation": "sns", "province": 32, "region": 7}}, {"model": "classifieds.locale", "pk": 636, "fields": {"locale_name": "salem OR", "abbreviation": "sle", "province": 53, "region": 7}}, {"model": "classifieds.locale", "pk": 637, "fields": {"locale_name": "saguenay", "abbreviation": "sgy", "province": 118, "region": 3}}, {"model": "classifieds.locale", "pk": 638, "fields": {"locale_name": "saginaw-midland-baycity", "abbreviation": "mbs", "province": 38, "region": 7}}, {"model": "classifieds.locale", "pk": 639, "fields": {"locale_name": "sacramento", "abbreviation": "sac", "province": 20, "region": 7}}, {"model": "classifieds.locale", "pk": 640, "fields": {"locale_name": "roswell / carlsbad", "abbreviation": "row", "province": 47, "region": 7}}, {"model": "classifieds.locale", "pk": 641, "fields": {"locale_name": "roseburg", "abbreviation": "rbg", "province": 53, "region": 7}}, {"model": "classifieds.locale", "pk": 642, "fields": {"locale_name": "rome", "abbreviation": "rom", "province": 91, "region": 4}}, {"model": "classifieds.locale", "pk": 643, "fields": {"locale_name": "romania", "abbreviation": "buh", "province": 119, "region": 4}}, {"model": "classifieds.locale", "pk": 644, "fields": {"locale_name": "rockford", "abbreviation": "rfd", "province": 29, "region": 7}}, {"model": "classifieds.locale", "pk": 645, "fields": {"locale_name": "rochester NY", "abbreviation": "rcs", "province": 48, "region": 7}}, {"model": "classifieds.locale", "pk": 646, "fields": {"locale_name": "rochester MN", "abbreviation": "rmn", "province": 39, "region": 7}}, {"model": "classifieds.locale", "pk": 647, "fields": {"locale_name": "roanoke", "abbreviation": "roa", "province": 63, "region": 7}}, {"model": "classifieds.locale", "pk": 648, "fields": {"locale_name": "rio de janeiro", "abbreviation": "rio", "province": 11, "region": 5}}, {"model": "classifieds.locale", "pk": 649, "fields": {"locale_name": "richmond IN", "abbreviation": "rin", "province": 30, "region": 7}}, {"model": "classifieds.locale", "pk": 650, "fields": {"locale_name": "richmond", "abbreviation": "ric", "province": 63, "region": 7}}, {"model": "classifieds.locale", "pk": 651, "fields": {"locale_name": "rhode island", "abbreviation": "prv", "province": 55, "region": 7}}, {"model": "classifieds.locale", "pk": 652, "fields": {"locale_name": "reykjavik", "abbreviation": "rkv", "province": 84, "region": 4}}, {"model": "classifieds.locale", "pk": 653, "fields": {"locale_name": "reno / tahoe", "abbreviation": "rno", "province": 44, "region": 7}}, {"model": "classifieds.locale", "pk": 654, "fields": {"locale_name": "regina", "abbreviation": "reg", "province": 121, "region": 3}}, {"model": "classifieds.locale", "pk": 655, "fields": {"locale_name": "redding", "abbreviation": "rdd", "province": 20, "region": 7}}, {"model": "classifieds.locale", "pk": 656, "fields": {"locale_name": "red deer", "abbreviation": "red", "province": 2, "region": 3}}, {"model": "classifieds.locale", "pk": 657, "fields": {"locale_name": "recife", "abbreviation": "rec", "province": 11, "region": 5}}, {"model": "classifieds.locale", "pk": 658, "fields": {"locale_name": "reading", "abbreviation": "rea", "province": 54, "region": 7}}, {"model": "classifieds.locale", "pk": 659, "fields": {"locale_name": "rapid city / west SD", "abbreviation": "rap", "province": 56, "region": 7}}, {"model": "classifieds.locale", "pk": 660, "fields": {"locale_name": "raleigh / durham / CH", "abbreviation": "ral", "province": 49, "region": 7}}, {"model": "classifieds.locale", "pk": 661, "fields": {"locale_name": "quebec city", "abbreviation": "qbc", "province": 118, "region": 3}}, {"model": "classifieds.locale", "pk": 662, "fields": {"locale_name": "quad cities IA/IL", "abbreviation": "mli", "province": 31, "region": 7}}, {"model": "classifieds.locale", "pk": 663, "fields": {"locale_name": "pune", "abbreviation": "png", "province": 85, "region": 2}}, {"model": "classifieds.locale", "pk": 664, "fields": {"locale_name": "pullman / moscow", "abbreviation": "plm", "province": 64, "region": 7}}, {"model": "classifieds.locale", "pk": 665, "fields": {"locale_name": "puerto vallarta", "abbreviation": "pvr", "province": 100, "region": 5}}, {"model": "classifieds.locale", "pk": 667, "fields": {"locale_name": "puerto rico", "abbreviation": "pri", "province": 117, "region": 5}}, {"model": "classifieds.locale", "pk": 668, "fields": {"locale_name": "pueblo", "abbreviation": "pub", "province": 21, "region": 7}}, {"model": "classifieds.locale", "pk": 669, "fields": {"locale_name": "puebla", "abbreviation": "pbl", "province": 100, "region": 5}}, {"model": "classifieds.locale", "pk": 670, "fields": {"locale_name": "provo / orem", "abbreviation": "pvu", "province": 60, "region": 7}}, {"model": "classifieds.locale", "pk": 671, "fields": {"locale_name": "prince george", "abbreviation": "yxs", "province": 3, "region": 3}}, {"model": "classifieds.locale", "pk": 672, "fields": {"locale_name": "prince edward island", "abbreviation": "pei", "province": 116, "region": 3}}, {"model": "classifieds.locale", "pk": 673, "fields": {"locale_name": "pretoria", "abbreviation": "hpr", "province": 123, "region": 1}}, {"model": "classifieds.locale", "pk": 674, "fields": {"locale_name": "prescott", "abbreviation": "prc", "province": 18, "region": 7}}, {"model": "classifieds.locale", "pk": 675, "fields": {"locale_name": "potsdam-canton-massena", "abbreviation": "ptd", "province": 48, "region": 7}}, {"model": "classifieds.locale", "pk": 676, "fields": {"locale_name": "porto alegre", "abbreviation": "pgp", "province": 11, "region": 5}}, {"model": "classifieds.locale", "pk": 677, "fields": {"locale_name": "porto", "abbreviation": "pto", "province": 115, "region": 4}}, {"model": "classifieds.locale", "pk": 678, "fields": {"locale_name": "portland OR", "abbreviation": "pdx", "province": 53, "region": 7}}, {"model": "classifieds.locale", "pk": 679, "fields": {"locale_name": "port huron", "abbreviation": "phn", "province": 38, "region": 7}}, {"model": "classifieds.locale", "pk": 680, "fields": {"locale_name": "poland", "abbreviation": "waw", "province": 114, "region": 4}}, {"model": "classifieds.locale", "pk": 681, "fields": {"locale_name": "poconos", "abbreviation": "poc", "province": 54, "region": 7}}, {"model": "classifieds.locale", "pk": 682, "fields": {"locale_name": "plattsburgh-adirondacks", "abbreviation": "plb", "province": 48, "region": 7}}, {"model": "classifieds.locale", "pk": 683, "fields": {"locale_name": "pittsburgh", "abbreviation": "pit", "province": 54, "region": 7}}, {"model": "classifieds.locale", "pk": 684, "fields": {"locale_name": "pierre / central SD", "abbreviation": "csd", "province": 56, "region": 7}}, {"model": "classifieds.locale", "pk": 685, "fields": {"locale_name": "phoenix", "abbreviation": "phx", "province": 18, "region": 7}}, {"model": "classifieds.locale", "pk": 686, "fields": {"locale_name": "philadelphia", "abbreviation": "phi", "province": 54, "region": 7}}, {"model": "classifieds.locale", "pk": 687, "fields": {"locale_name": "peterborough", "abbreviation": "ypq", "province": 109, "region": 3}}, {"model": "classifieds.locale", "pk": 688, "fields": {"locale_name": "perugia", "abbreviation": "peg", "province": 91, "region": 4}}, {"model": "classifieds.locale", "pk": 689, "fields": {"locale_name": "peru", "abbreviation": "lim", "province": 112, "region": 5}}, {"model": "classifieds.locale", "pk": 690, "fields": {"locale_name": "perth", "abbreviation": "per", "province": 14, "region": 6}}, {"model": "classifieds.locale", "pk": 691, "fields": {"locale_name": "peoria", "abbreviation": "pia", "province": 29, "region": 7}}, {"model": "classifieds.locale", "pk": 692, "fields": {"locale_name": "pensacola", "abbreviation": "pns", "province": 25, "region": 7}}, {"model": "classifieds.locale", "pk": 693, "fields": {"locale_name": "peace river country", "abbreviation": "pax", "province": 2, "region": 3}}, {"model": "classifieds.locale", "pk": 694, "fields": {"locale_name": "parkersburg-marietta", "abbreviation": "pkb", "province": 65, "region": 7}}, {"model": "classifieds.locale", "pk": 695, "fields": {"locale_name": "paris", "abbreviation": "par", "province": 77, "region": 4}}, {"model": "classifieds.locale", "pk": 696, "fields": {"locale_name": "panama city FL", "abbreviation": "pfn", "province": 25, "region": 7}}, {"model": "classifieds.locale", "pk": 697, "fields": {"locale_name": "panama", "abbreviation": "pan", "province": 111, "region": 5}}, {"model": "classifieds.locale", "pk": 698, "fields": {"locale_name": "pampanga", "abbreviation": "crk", "province": 113, "region": 2}}, {"model": "classifieds.locale", "pk": 699, "fields": {"locale_name": "palm springs CA", "abbreviation": "psp", "province": 20, "region": 7}}, {"model": "classifieds.locale", "pk": 700, "fields": {"locale_name": "pakistan", "abbreviation": "pak", "province": 110, "region": 2}}, {"model": "classifieds.locale", "pk": 701, "fields": {"locale_name": "oxford", "abbreviation": "ovf", "province": 133, "region": 4}}, {"model": "classifieds.locale", "pk": 702, "fields": {"locale_name": "owensboro", "abbreviation": "owb", "province": 33, "region": 7}}, {"model": "classifieds.locale", "pk": 703, "fields": {"locale_name": "owen sound", "abbreviation": "ows", "province": 109, "region": 3}}, {"model": "classifieds.locale", "pk": 704, "fields": {"locale_name": "outer banks", "abbreviation": "obx", "province": 49, "region": 7}}, {"model": "classifieds.locale", "pk": 705, "fields": {"locale_name": "ottawa-hull-gatineau", "abbreviation": "ott", "province": 109, "region": 3}}, {"model": "classifieds.locale", "pk": 706, "fields": {"locale_name": "osaka-kobe-kyoto", "abbreviation": "osa", "province": 92, "region": 2}}, {"model": "classifieds.locale", "pk": 707, "fields": {"locale_name": "orlando", "abbreviation": "orl", "province": 25, "region": 7}}, {"model": "classifieds.locale", "pk": 708, "fields": {"locale_name": "oregon coast", "abbreviation": "cor", "province": 53, "region": 7}}, {"model": "classifieds.locale", "pk": 709, "fields": {"locale_name": "orange county", "abbreviation": "orc", "province": 20, "region": 7}}, {"model": "classifieds.locale", "pk": 710, "fields": {"locale_name": "oneonta", "abbreviation": "onh", "province": 48, "region": 7}}, {"model": "classifieds.locale", "pk": 711, "fields": {"locale_name": "omaha / council bluffs", "abbreviation": "oma", "province": 43, "region": 7}}, {"model": "classifieds.locale", "pk": 712, "fields": {"locale_name": "olympic peninsula", "abbreviation": "olp", "province": 64, "region": 7}}, {"model": "classifieds.locale", "pk": 713, "fields": {"locale_name": "oklahoma city", "abbreviation": "okc", "province": 52, "region": 7}}, {"model": "classifieds.locale", "pk": 714, "fields": {"locale_name": "okinawa", "abbreviation": "oka", "province": 92, "region": 2}}, {"model": "classifieds.locale", "pk": 715, "fields": {"locale_name": "okaloosa / walton", "abbreviation": "yps", "province": 25, "region": 7}}, {"model": "classifieds.locale", "pk": 716, "fields": {"locale_name": "ogden-clearfield", "abbreviation": "ogd", "province": 60, "region": 7}}, {"model": "classifieds.locale", "pk": 717, "fields": {"locale_name": "odessa / midland", "abbreviation": "odm", "province": 59, "region": 7}}, {"model": "classifieds.locale", "pk": 718, "fields": {"locale_name": "ocala", "abbreviation": "oca", "province": 25, "region": 7}}, {"model": "classifieds.locale", "pk": 719, "fields": {"locale_name": "oaxaca", "abbreviation": "oax", "province": 100, "region": 5}}, {"model": "classifieds.locale", "pk": 720, "fields": {"locale_name": "nuremberg", "abbreviation": "nue", "province": 78, "region": 4}}, {"model": "classifieds.locale", "pk": 721, "fields": {"locale_name": "nottingham", "abbreviation": "not", "province": 133, "region": 4}}, {"model": "classifieds.locale", "pk": 722, "fields": {"locale_name": "norway", "abbreviation": "osl", "province": 107, "region": 4}}, {"model": "classifieds.locale", "pk": 723, "fields": {"locale_name": "northwest OK", "abbreviation": "end", "province": 52, "region": 7}}, {"model": "classifieds.locale", "pk": 724, "fields": {"locale_name": "northwest KS", "abbreviation": "nwk", "province": 32, "region": 7}}, {"model": "classifieds.locale", "pk": 725, "fields": {"locale_name": "northwest GA", "abbreviation": "nwg", "province": 26, "region": 7}}, {"model": "classifieds.locale", "pk": 726, "fields": {"locale_name": "northwest CT", "abbreviation": "nct", "province": 22, "region": 7}}, {"model": "classifieds.locale", "pk": 727, "fields": {"locale_name": "northern WI", "abbreviation": "nwi", "province": 66, "region": 7}}, {"model": "classifieds.locale", "pk": 728, "fields": {"locale_name": "northern panhandle", "abbreviation": "whl", "province": 65, "region": 7}}, {"model": "classifieds.locale", "pk": 729, "fields": {"locale_name": "northern michigan", "abbreviation": "nmi", "province": 38, "region": 7}}, {"model": "classifieds.locale", "pk": 730, "fields": {"locale_name": "northeast SD", "abbreviation": "abr", "province": 56, "region": 7}}, {"model": "classifieds.locale", "pk": 731, "fields": {"locale_name": "north platte", "abbreviation": "lbf", "province": 43, "region": 7}}, {"model": "classifieds.locale", "pk": 732, "fields": {"locale_name": "north mississippi", "abbreviation": "nms", "province": 40, "region": 7}}, {"model": "classifieds.locale", "pk": 733, "fields": {"locale_name": "north jersey", "abbreviation": "njy", "province": 46, "region": 7}}, {"model": "classifieds.locale", "pk": 734, "fields": {"locale_name": "north dakota", "abbreviation": "ndk", "province": 50, "region": 7}}, {"model": "classifieds.locale", "pk": 735, "fields": {"locale_name": "north central FL", "abbreviation": "lcq", "province": 25, "region": 7}}, {"model": "classifieds.locale", "pk": 736, "fields": {"locale_name": "normandy", "abbreviation": "rou", "province": 77, "region": 4}}, {"model": "classifieds.locale", "pk": 737, "fields": {"locale_name": "nice / cote d'azur", "abbreviation": "nce", "province": 77, "region": 4}}, {"model": "classifieds.locale", "pk": 738, "fields": {"locale_name": "nicaragua", "abbreviation": "mga", "province": 105, "region": 5}}, {"model": "classifieds.locale", "pk": 739, "fields": {"locale_name": "niagara region", "abbreviation": "nsc", "province": 109, "region": 3}}, {"model": "classifieds.locale", "pk": 740, "fields": {"locale_name": "newcastle NSW", "abbreviation": "ntl", "province": 14, "region": 6}}, {"model": "classifieds.locale", "pk": 741, "fields": {"locale_name": "newcastle / NE england", "abbreviation": "ncl", "province": 133, "region": 4}}, {"model": "classifieds.locale", "pk": 742, "fields": {"locale_name": "new york city", "abbreviation": "nyc", "province": 48, "region": 7}}, {"model": "classifieds.locale", "pk": 743, "fields": {"locale_name": "new river valley", "abbreviation": "vpi", "province": 63, "region": 7}}, {"model": "classifieds.locale", "pk": 744, "fields": {"locale_name": "new orleans", "abbreviation": "nor", "province": 34, "region": 7}}, {"model": "classifieds.locale", "pk": 745, "fields": {"locale_name": "new haven", "abbreviation": "hvn", "province": 22, "region": 7}}, {"model": "classifieds.locale", "pk": 746, "fields": {"locale_name": "new hampshire", "abbreviation": "nhm", "province": 45, "region": 7}}, {"model": "classifieds.locale", "pk": 747, "fields": {"locale_name": "new brunswick", "abbreviation": "nbw", "province": 5, "region": 3}}, {"model": "classifieds.locale", "pk": 748, "fields": {"locale_name": "nashville", "abbreviation": "nsh", "province": 57, "region": 7}}, {"model": "classifieds.locale", "pk": 749, "fields": {"locale_name": "napoli / campania", "abbreviation": "nap", "province": 91, "region": 4}}, {"model": "classifieds.locale", "pk": 750, "fields": {"locale_name": "nanjing", "abbreviation": "nkg", "province": 4, "region": 2}}, {"model": "classifieds.locale", "pk": 751, "fields": {"locale_name": "nanaimo", "abbreviation": "nmo", "province": 3, "region": 3}}, {"model": "classifieds.locale", "pk": 752, "fields": {"locale_name": "nagoya", "abbreviation": "ngo", "province": 92, "region": 2}}, {"model": "classifieds.locale", "pk": 753, "fields": {"locale_name": "myrtle beach", "abbreviation": "myr", "province": 138, "region": 7}}, {"model": "classifieds.locale", "pk": 754, "fields": {"locale_name": "muskegon", "abbreviation": "mkg", "province": 38, "region": 7}}, {"model": "classifieds.locale", "pk": 755, "fields": {"locale_name": "munich", "abbreviation": "muc", "province": 78, "region": 4}}, {"model": "classifieds.locale", "pk": 756, "fields": {"locale_name": "muncie / anderson", "abbreviation": "mun", "province": 30, "region": 7}}, {"model": "classifieds.locale", "pk": 757, "fields": {"locale_name": "mumbai", "abbreviation": "mum", "province": 85, "region": 2}}, {"model": "classifieds.locale", "pk": 758, "fields": {"locale_name": "moses lake", "abbreviation": "mlk", "province": 64, "region": 7}}, {"model": "classifieds.locale", "pk": 759, "fields": {"locale_name": "moscow", "abbreviation": "mos", "province": 120, "region": 4}}, {"model": "classifieds.locale", "pk": 760, "fields": {"locale_name": "morocco", "abbreviation": "cas", "province": 101, "region": 1}}, {"model": "classifieds.locale", "pk": 761, "fields": {"locale_name": "morgantown", "abbreviation": "wvu", "province": 65, "region": 7}}, {"model": "classifieds.locale", "pk": 762, "fields": {"locale_name": "montreal", "abbreviation": "mon", "province": 118, "region": 3}}, {"model": "classifieds.locale", "pk": 763, "fields": {"locale_name": "montpellier", "abbreviation": "mpl", "province": 77, "region": 4}}, {"model": "classifieds.locale", "pk": 764, "fields": {"locale_name": "montgomery", "abbreviation": "mgm", "province": 16, "region": 7}}, {"model": "classifieds.locale", "pk": 765, "fields": {"locale_name": "montevideo", "abbreviation": "mvd", "province": 134, "region": 5}}, {"model": "classifieds.locale", "pk": 766, "fields": {"locale_name": "monterrey", "abbreviation": "mty", "province": 100, "region": 5}}, {"model": "classifieds.locale", "pk": 767, "fields": {"locale_name": "monterey bay", "abbreviation": "mtb", "province": 20, "region": 7}}, {"model": "classifieds.locale", "pk": 768, "fields": {"locale_name": "montana (old)", "abbreviation": "mnt", "province": 42, "region": 7}}, {"model": "classifieds.locale", "pk": 769, "fields": {"locale_name": "monroe LA", "abbreviation": "mlu", "province": 34, "region": 7}}, {"model": "classifieds.locale", "pk": 770, "fields": {"locale_name": "monroe", "abbreviation": "mnr", "province": 38, "region": 7}}, {"model": "classifieds.locale", "pk": 771, "fields": {"locale_name": "mohave county", "abbreviation": "mhv", "province": 18, "region": 7}}, {"model": "classifieds.locale", "pk": 772, "fields": {"locale_name": "modesto", "abbreviation": "mod", "province": 20, "region": 7}}, {"model": "classifieds.locale", "pk": 773, "fields": {"locale_name": "mobile", "abbreviation": "mob", "province": 16, "region": 7}}, {"model": "classifieds.locale", "pk": 774, "fields": {"locale_name": "missoula", "abbreviation": "mso", "province": 42, "region": 7}}, {"model": "classifieds.locale", "pk": 775, "fields": {"locale_name": "minneapolis / st paul", "abbreviation": "min", "province": 39, "region": 7}}, {"model": "classifieds.locale", "pk": 776, "fields": {"locale_name": "milwaukee", "abbreviation": "mil", "province": 66, "region": 7}}, {"model": "classifieds.locale", "pk": 777, "fields": {"locale_name": "milan", "abbreviation": "mxp", "province": 91, "region": 4}}, {"model": "classifieds.locale", "pk": 778, "fields": {"locale_name": "mexico city", "abbreviation": "mex", "province": 100, "region": 5}}, {"model": "classifieds.locale", "pk": 779, "fields": {"locale_name": "meridian", "abbreviation": "mei", "province": 40, "region": 7}}, {"model": "classifieds.locale", "pk": 780, "fields": {"locale_name": "merced", "abbreviation": "mer", "province": 20, "region": 7}}, {"model": "classifieds.locale", "pk": 781, "fields": {"locale_name": "mendocino county", "abbreviation": "mdo", "province": 20, "region": 7}}, {"model": "classifieds.locale", "pk": 782, "fields": {"locale_name": "memphis TN", "abbreviation": "mem", "province": 57, "region": 7}}, {"model": "classifieds.locale", "pk": 783, "fields": {"locale_name": "melbourne", "abbreviation": "mel", "province": 14, "region": 6}}, {"model": "classifieds.locale", "pk": 784, "fields": {"locale_name": "medicine hat", "abbreviation": "hat", "province": 2, "region": 3}}, {"model": "classifieds.locale", "pk": 785, "fields": {"locale_name": "medford-ashland", "abbreviation": "mfr", "province": 53, "region": 7}}, {"model": "classifieds.locale", "pk": 786, "fields": {"locale_name": "meadville", "abbreviation": "mdv", "province": 54, "region": 7}}, {"model": "classifieds.locale", "pk": 787, "fields": {"locale_name": "mcallen / edinburg", "abbreviation": "mca", "province": 59, "region": 7}}, {"model": "classifieds.locale", "pk": 788, "fields": {"locale_name": "mazatlan", "abbreviation": "mzt", "province": 100, "region": 5}}, {"model": "classifieds.locale", "pk": 789, "fields": {"locale_name": "mattoon-charleston", "abbreviation": "mto", "province": 29, "region": 7}}, {"model": "classifieds.locale", "pk": 790, "fields": {"locale_name": "mason city", "abbreviation": "msc", "province": 31, "region": 7}}, {"model": "classifieds.locale", "pk": 791, "fields": {"locale_name": "marseille", "abbreviation": "mrs", "province": 77, "region": 4}}, {"model": "classifieds.locale", "pk": 792, "fields": {"locale_name": "mansfield", "abbreviation": "mfd", "province": 51, "region": 7}}, {"model": "classifieds.locale", "pk": 793, "fields": {"locale_name": "mankato", "abbreviation": "mkt", "province": 39, "region": 7}}, {"model": "classifieds.locale", "pk": 794, "fields": {"locale_name": "manila", "abbreviation": "mnl", "province": 113, "region": 2}}, {"model": "classifieds.locale", "pk": 795, "fields": {"locale_name": "manhattan KS", "abbreviation": "mhk", "province": 32, "region": 7}}, {"model": "classifieds.locale", "pk": 796, "fields": {"locale_name": "manchester", "abbreviation": "man", "province": 133, "region": 4}}, {"model": "classifieds.locale", "pk": 797, "fields": {"locale_name": "malaysia", "abbreviation": "mly", "province": 98, "region": 2}}, {"model": "classifieds.locale", "pk": 798, "fields": {"locale_name": "malaga", "abbreviation": "agp", "province": 124, "region": 4}}, {"model": "classifieds.locale", "pk": 799, "fields": {"locale_name": "maine", "abbreviation": "mne", "province": 35, "region": 7}}, {"model": "classifieds.locale", "pk": 800, "fields": {"locale_name": "madrid", "abbreviation": "mdd", "province": 124, "region": 4}}, {"model": "classifieds.locale", "pk": 801, "fields": {"locale_name": "madison", "abbreviation": "mad", "province": 66, "region": 7}}, {"model": "classifieds.locale", "pk": 802, "fields": {"locale_name": "macon / warner robins", "abbreviation": "mcn", "province": 26, "region": 7}}, {"model": "classifieds.locale", "pk": 803, "fields": {"locale_name": "lyon", "abbreviation": "lys", "province": 77, "region": 4}}, {"model": "classifieds.locale", "pk": 804, "fields": {"locale_name": "lynchburg", "abbreviation": "lyn", "province": 63, "region": 7}}, {"model": "classifieds.locale", "pk": 805, "fields": {"locale_name": "luxembourg", "abbreviation": "lux", "province": 97, "region": 4}}, {"model": "classifieds.locale", "pk": 806, "fields": {"locale_name": "lucknow", "abbreviation": "lko", "province": 85, "region": 2}}, {"model": "classifieds.locale", "pk": 807, "fields": {"locale_name": "lubbock", "abbreviation": "lbb", "province": 59, "region": 7}}, {"model": "classifieds.locale", "pk": 808, "fields": {"locale_name": "louisville", "abbreviation": "lou", "province": 33, "region": 7}}, {"model": "classifieds.locale", "pk": 809, "fields": {"locale_name": "los angeles", "abbreviation": "lax", "province": 20, "region": 7}}, {"model": "classifieds.locale", "pk": 810, "fields": {"locale_name": "long island", "abbreviation": "isp", "province": 48, "region": 7}}, {"model": "classifieds.locale", "pk": 811, "fields": {"locale_name": "london ON", "abbreviation": "lon", "province": 109, "region": 3}}, {"model": "classifieds.locale", "pk": 812, "fields": {"locale_name": "london", "abbreviation": "ldn", "province": 133, "region": 4}}, {"model": "classifieds.locale", "pk": 813, "fields": {"locale_name": "loire valley", "abbreviation": "nte", "province": 77, "region": 4}}, {"model": "classifieds.locale", "pk": 814, "fields": {"locale_name": "logan", "abbreviation": "lgu", "province": 60, "region": 7}}, {"model": "classifieds.locale", "pk": 815, "fields": {"locale_name": "liverpool", "abbreviation": "liv", "province": 133, "region": 4}}, {"model": "classifieds.locale", "pk": 816, "fields": {"locale_name": "little rock", "abbreviation": "lit", "province": 19, "region": 7}}, {"model": "classifieds.locale", "pk": 817, "fields": {"locale_name": "lisbon", "abbreviation": "lis", "province": 115, "region": 4}}, {"model": "classifieds.locale", "pk": 818, "fields": {"locale_name": "lincoln", "abbreviation": "lnk", "province": 43, "region": 7}}, {"model": "classifieds.locale", "pk": 819, "fields": {"locale_name": "lima / findlay", "abbreviation": "lma", "province": 51, "region": 7}}, {"model": "classifieds.locale", "pk": 820, "fields": {"locale_name": "lille", "abbreviation": "lil", "province": 77, "region": 4}}, {"model": "classifieds.locale", "pk": 821, "fields": {"locale_name": "lexington KY", "abbreviation": "lex", "province": 33, "region": 7}}, {"model": "classifieds.locale", "pk": 822, "fields": {"locale_name": "lewiston / clarkston", "abbreviation": "lws", "province": 28, "region": 7}}, {"model": "classifieds.locale", "pk": 823, "fields": {"locale_name": "lethbridge", "abbreviation": "lth", "province": 2, "region": 3}}, {"model": "classifieds.locale", "pk": 824, "fields": {"locale_name": "leipzig", "abbreviation": "lej", "province": 78, "region": 4}}, {"model": "classifieds.locale", "pk": 825, "fields": {"locale_name": "lehigh valley", "abbreviation": "alt", "province": 54, "region": 7}}, {"model": "classifieds.locale", "pk": 826, "fields": {"locale_name": "leeds", "abbreviation": "lds", "province": 133, "region": 4}}, {"model": "classifieds.locale", "pk": 827, "fields": {"locale_name": "lawton", "abbreviation": "law", "province": 52, "region": 7}}, {"model": "classifieds.locale", "pk": 828, "fields": {"locale_name": "lawrence", "abbreviation": "lwr", "province": 32, "region": 7}}, {"model": "classifieds.locale", "pk": 829, "fields": {"locale_name": "lausanne", "abbreviation": "lau", "province": 126, "region": 4}}, {"model": "classifieds.locale", "pk": 830, "fields": {"locale_name": "las vegas", "abbreviation": "lvg", "province": 44, "region": 7}}, {"model": "classifieds.locale", "pk": 831, "fields": {"locale_name": "las cruces", "abbreviation": "lcr", "province": 47, "region": 7}}, {"model": "classifieds.locale", "pk": 832, "fields": {"locale_name": "laredo", "abbreviation": "lrd", "province": 59, "region": 7}}, {"model": "classifieds.locale", "pk": 833, "fields": {"locale_name": "lansing", "abbreviation": "lan", "province": 38, "region": 7}}, {"model": "classifieds.locale", "pk": 834, "fields": {"locale_name": "lancaster PA", "abbreviation": "lns", "province": 54, "region": 7}}, {"model": "classifieds.locale", "pk": 835, "fields": {"locale_name": "lakeland", "abbreviation": "lal", "province": 25, "region": 7}}, {"model": "classifieds.locale", "pk": 836, "fields": {"locale_name": "lake of the ozarks", "abbreviation": "loz", "province": 41, "region": 7}}, {"model": "classifieds.locale", "pk": 837, "fields": {"locale_name": "lake charles", "abbreviation": "lkc", "province": 34, "region": 7}}, {"model": "classifieds.locale", "pk": 838, "fields": {"locale_name": "lafayette / west lafayette", "abbreviation": "laf", "province": 30, "region": 7}}, {"model": "classifieds.locale", "pk": 839, "fields": {"locale_name": "lafayette", "abbreviation": "lft", "province": 34, "region": 7}}, {"model": "classifieds.locale", "pk": 840, "fields": {"locale_name": "la salle co", "abbreviation": "lsl", "province": 29, "region": 7}}, {"model": "classifieds.locale", "pk": 841, "fields": {"locale_name": "la crosse", "abbreviation": "lse", "province": 66, "region": 7}}, {"model": "classifieds.locale", "pk": 842, "fields": {"locale_name": "kuwait", "abbreviation": "kwi", "province": 95, "region": 2}}, {"model": "classifieds.locale", "pk": 843, "fields": {"locale_name": "kootenays", "abbreviation": "koo", "province": 3, "region": 3}}, {"model": "classifieds.locale", "pk": 844, "fields": {"locale_name": "kolkata (calcutta)", "abbreviation": "kol", "province": 85, "region": 2}}, {"model": "classifieds.locale", "pk": 845, "fields": {"locale_name": "kokomo", "abbreviation": "okk", "province": 30, "region": 7}}, {"model": "classifieds.locale", "pk": 846, "fields": {"locale_name": "knoxville", "abbreviation": "knx", "province": 57, "region": 7}}, {"model": "classifieds.locale", "pk": 847, "fields": {"locale_name": "klamath falls", "abbreviation": "klf", "province": 53, "region": 7}}, {"model": "classifieds.locale", "pk": 848, "fields": {"locale_name": "kitchener-waterloo-cambridge", "abbreviation": "kch", "province": 109, "region": 3}}, {"model": "classifieds.locale", "pk": 849, "fields": {"locale_name": "kirksville", "abbreviation": "krk", "province": 41, "region": 7}}, {"model": "classifieds.locale", "pk": 850, "fields": {"locale_name": "kingston ON", "abbreviation": "kng", "province": 109, "region": 3}}, {"model": "classifieds.locale", "pk": 851, "fields": {"locale_name": "killeen / temple / ft hood", "abbreviation": "grk", "province": 59, "region": 7}}, {"model": "classifieds.locale", "pk": 852, "fields": {"locale_name": "kerala", "abbreviation": "cok", "province": 85, "region": 2}}, {"model": "classifieds.locale", "pk": 853, "fields": {"locale_name": "kenya", "abbreviation": "nbo", "province": 93, "region": 1}}, {"model": "classifieds.locale", "pk": 854, "fields": {"locale_name": "kent", "abbreviation": "ken", "province": 133, "region": 4}}, {"model": "classifieds.locale", "pk": 855, "fields": {"locale_name": "kenosha-racine", "abbreviation": "rac", "province": 66, "region": 7}}, {"model": "classifieds.locale", "pk": 856, "fields": {"locale_name": "kennewick-pasco-richland", "abbreviation": "kpr", "province": 64, "region": 7}}, {"model": "classifieds.locale", "pk": 857, "fields": {"locale_name": "kenai peninsula", "abbreviation": "ena", "province": 17, "region": 7}}, {"model": "classifieds.locale", "pk": 858, "fields": {"locale_name": "kelowna / okanagan", "abbreviation": "kel", "province": 3, "region": 3}}, {"model": "classifieds.locale", "pk": 859, "fields": {"locale_name": "kansas city MO", "abbreviation": "ksc", "province": 41, "region": 7}}, {"model": "classifieds.locale", "pk": 860, "fields": {"locale_name": "kamloops", "abbreviation": "kml", "province": 3, "region": 3}}, {"model": "classifieds.locale", "pk": 861, "fields": {"locale_name": "kalispell", "abbreviation": "fca", "province": 42, "region": 7}}, {"model": "classifieds.locale", "pk": 862, "fields": {"locale_name": "kalamazoo", "abbreviation": "kzo", "province": 38, "region": 7}}, {"model": "classifieds.locale", "pk": 863, "fields": {"locale_name": "kaiserslautern", "abbreviation": "klt", "province": 78, "region": 4}}, {"model": "classifieds.locale", "pk": 864, "fields": {"locale_name": "joplin", "abbreviation": "jln", "province": 41, "region": 7}}, {"model": "classifieds.locale", "pk": 865, "fields": {"locale_name": "jonesboro", "abbreviation": "jbr", "province": 19, "region": 7}}, {"model": "classifieds.locale", "pk": 866, "fields": {"locale_name": "johannesburg", "abbreviation": "jnb", "province": 123, "region": 1}}, {"model": "classifieds.locale", "pk": 867, "fields": {"locale_name": "jerusalem", "abbreviation": "jrs", "province": 90, "region": 2}}, {"model": "classifieds.locale", "pk": 868, "fields": {"locale_name": "jersey shore", "abbreviation": "jys", "province": 46, "region": 7}}, {"model": "classifieds.locale", "pk": 869, "fields": {"locale_name": "janesville", "abbreviation": "jvl", "province": 66, "region": 7}}, {"model": "classifieds.locale", "pk": 870, "fields": {"locale_name": "jaipur", "abbreviation": "jai", "province": 85, "region": 2}}, {"model": "classifieds.locale", "pk": 871, "fields": {"locale_name": "jacksonville NC", "abbreviation": "oaj", "province": 49, "region": 7}}, {"model": "classifieds.locale", "pk": 872, "fields": {"locale_name": "jacksonville", "abbreviation": "jax", "province": 25, "region": 7}}, {"model": "classifieds.locale", "pk": 873, "fields": {"locale_name": "jackson TN", "abbreviation": "jxt", "province": 57, "region": 7}}, {"model": "classifieds.locale", "pk": 874, "fields": {"locale_name": "jackson MS", "abbreviation": "jan", "province": 40, "region": 7}}, {"model": "classifieds.locale", "pk": 875, "fields": {"locale_name": "jackson MI", "abbreviation": "jxn", "province": 38, "region": 7}}, {"model": "classifieds.locale", "pk": 876, "fields": {"locale_name": "ithaca", "abbreviation": "ith", "province": 48, "region": 7}}, {"model": "classifieds.locale", "pk": 877, "fields": {"locale_name": "iraq", "abbreviation": "bgd", "province": 88, "region": 2}}, {"model": "classifieds.locale", "pk": 878, "fields": {"locale_name": "iran", "abbreviation": "trh", "province": 87, "region": 2}}, {"model": "classifieds.locale", "pk": 879, "fields": {"locale_name": "iowa city", "abbreviation": "iac", "province": 31, "region": 7}}, {"model": "classifieds.locale", "pk": 880, "fields": {"locale_name": "inland empire", "abbreviation": "inl", "province": 20, "region": 7}}, {"model": "classifieds.locale", "pk": 881, "fields": {"locale_name": "indore", "abbreviation": "idr", "province": 85, "region": 2}}, {"model": "classifieds.locale", "pk": 882, "fields": {"locale_name": "indonesia", "abbreviation": "jkt", "province": 86, "region": 2}}, {"model": "classifieds.locale", "pk": 883, "fields": {"locale_name": "indianapolis", "abbreviation": "ind", "province": 30, "region": 7}}, {"model": "classifieds.locale", "pk": 884, "fields": {"locale_name": "imperial county", "abbreviation": "imp", "province": 20, "region": 7}}, {"model": "classifieds.locale", "pk": 885, "fields": {"locale_name": "iloilo", "abbreviation": "ilo", "province": 113, "region": 2}}, {"model": "classifieds.locale", "pk": 886, "fields": {"locale_name": "hyderabad", "abbreviation": "hyd", "province": 85, "region": 2}}, {"model": "classifieds.locale", "pk": 887, "fields": {"locale_name": "huntsville / decatur", "abbreviation": "hsv", "province": 16, "region": 7}}, {"model": "classifieds.locale", "pk": 888, "fields": {"locale_name": "huntington-ashland", "abbreviation": "hts", "province": 65, "region": 7}}, {"model": "classifieds.locale", "pk": 889, "fields": {"locale_name": "humboldt county", "abbreviation": "hmb", "province": 20, "region": 7}}, {"model": "classifieds.locale", "pk": 890, "fields": {"locale_name": "hudson valley", "abbreviation": "hud", "province": 48, "region": 7}}, {"model": "classifieds.locale", "pk": 891, "fields": {"locale_name": "houston", "abbreviation": "hou", "province": 59, "region": 7}}, {"model": "classifieds.locale", "pk": 892, "fields": {"locale_name": "houma", "abbreviation": "hum", "province": 34, "region": 7}}, {"model": "classifieds.locale", "pk": 893, "fields": {"locale_name": "hong kong", "abbreviation": "hkz", "province": 82, "region": 2}}, {"model": "classifieds.locale", "pk": 894, "fields": {"locale_name": "holland", "abbreviation": "hld", "province": 38, "region": 7}}, {"model": "classifieds.locale", "pk": 895, "fields": {"locale_name": "hiroshima", "abbreviation": "hij", "province": 92, "region": 2}}, {"model": "classifieds.locale", "pk": 896, "fields": {"locale_name": "hilton head", "abbreviation": "hhi", "province": 138, "region": 7}}, {"model": "classifieds.locale", "pk": 897, "fields": {"locale_name": "high rockies", "abbreviation": "rck", "province": 21, "region": 7}}, {"model": "classifieds.locale", "pk": 898, "fields": {"locale_name": "hickory / lenoir", "abbreviation": "hky", "province": 49, "region": 7}}, {"model": "classifieds.locale", "pk": 899, "fields": {"locale_name": "hermosillo", "abbreviation": "hrm", "province": 100, "region": 5}}, {"model": "classifieds.locale", "pk": 900, "fields": {"locale_name": "helena", "abbreviation": "hln", "province": 42, "region": 7}}, {"model": "classifieds.locale", "pk": 901, "fields": {"locale_name": "heidelberg", "abbreviation": "hdb", "province": 78, "region": 4}}, {"model": "classifieds.locale", "pk": 902, "fields": {"locale_name": "heartland florida", "abbreviation": "cfl", "province": 25, "region": 7}}, {"model": "classifieds.locale", "pk": 903, "fields": {"locale_name": "hawaii", "abbreviation": "hnl", "province": 27, "region": 7}}, {"model": "classifieds.locale", "pk": 904, "fields": {"locale_name": "hattiesburg", "abbreviation": "usm", "province": 40, "region": 7}}, {"model": "classifieds.locale", "pk": 905, "fields": {"locale_name": "hartford", "abbreviation": "htf", "province": 22, "region": 7}}, {"model": "classifieds.locale", "pk": 906, "fields": {"locale_name": "harrisonburg", "abbreviation": "shd", "province": 63, "region": 7}}, {"model": "classifieds.locale", "pk": 907, "fields": {"locale_name": "harrisburg", "abbreviation": "hrs", "province": 54, "region": 7}}, {"model": "classifieds.locale", "pk": 908, "fields": {"locale_name": "hannover", "abbreviation": "haj", "province": 78, "region": 4}}, {"model": "classifieds.locale", "pk": 909, "fields": {"locale_name": "hangzhou", "abbreviation": "hgh", "province": 4, "region": 2}}, {"model": "classifieds.locale", "pk": 910, "fields": {"locale_name": "hanford-corcoran", "abbreviation": "hnf", "province": 20, "region": 7}}, {"model": "classifieds.locale", "pk": 911, "fields": {"locale_name": "hampton roads", "abbreviation": "nfk", "province": 63, "region": 7}}, {"model": "classifieds.locale", "pk": 912, "fields": {"locale_name": "hampshire", "abbreviation": "sou", "province": 133, "region": 4}}, {"model": "classifieds.locale", "pk": 913, "fields": {"locale_name": "hamilton-burlington", "abbreviation": "hml", "province": 109, "region": 3}}, {"model": "classifieds.locale", "pk": 914, "fields": {"locale_name": "hamburg", "abbreviation": "ham", "province": 78, "region": 4}}, {"model": "classifieds.locale", "pk": 915, "fields": {"locale_name": "halifax", "abbreviation": "hfx", "province": 108, "region": 3}}, {"model": "classifieds.locale", "pk": 916, "fields": {"locale_name": "haifa", "abbreviation": "hfa", "province": 90, "region": 2}}, {"model": "classifieds.locale", "pk": 917, "fields": {"locale_name": "gulfport / biloxi", "abbreviation": "gpt", "province": 40, "region": 7}}, {"model": "classifieds.locale", "pk": 918, "fields": {"locale_name": "guelph", "abbreviation": "gph", "province": 109, "region": 3}}, {"model": "classifieds.locale", "pk": 919, "fields": {"locale_name": "guatemala", "abbreviation": "gua", "province": 81, "region": 5}}, {"model": "classifieds.locale", "pk": 920, "fields": {"locale_name": "guangzhou", "abbreviation": "can", "province": 4, "region": 2}}, {"model": "classifieds.locale", "pk": 921, "fields": {"locale_name": "guanajuato", "abbreviation": "bjx", "province": 100, "region": 5}}, {"model": "classifieds.locale", "pk": 922, "fields": {"locale_name": "guam-micronesia", "abbreviation": "gum", "province": 58, "region": 7}}, {"model": "classifieds.locale", "pk": 923, "fields": {"locale_name": "guadalajara", "abbreviation": "gdl", "province": 100, "region": 5}}, {"model": "classifieds.locale", "pk": 924, "fields": {"locale_name": "grenoble", "abbreviation": "gnb", "province": 77, "region": 4}}, {"model": "classifieds.locale", "pk": 925, "fields": {"locale_name": "greenville / upstate", "abbreviation": "gsp", "province": 138, "region": 7}}, {"model": "classifieds.locale", "pk": 926, "fields": {"locale_name": "greensboro", "abbreviation": "gbo", "province": 49, "region": 7}}, {"model": "classifieds.locale", "pk": 927, "fields": {"locale_name": "green bay", "abbreviation": "grb", "province": 66, "region": 7}}, {"model": "classifieds.locale", "pk": 928, "fields": {"locale_name": "greece", "abbreviation": "ath", "province": 80, "region": 4}}, {"model": "classifieds.locale", "pk": 929, "fields": {"locale_name": "great falls", "abbreviation": "gtf", "province": 42, "region": 7}}, {"model": "classifieds.locale", "pk": 930, "fields": {"locale_name": "grand rapids", "abbreviation": "grr", "province": 38, "region": 7}}, {"model": "classifieds.locale", "pk": 931, "fields": {"locale_name": "grand island", "abbreviation": "gil", "province": 43, "region": 7}}, {"model": "classifieds.locale", "pk": 932, "fields": {"locale_name": "grand forks", "abbreviation": "gfk", "province": 50, "region": 7}}, {"model": "classifieds.locale", "pk": 933, "fields": {"locale_name": "granada", "abbreviation": "grx", "province": 124, "region": 4}}, {"model": "classifieds.locale", "pk": 934, "fields": {"locale_name": "gold country", "abbreviation": "gld", "province": 20, "region": 7}}, {"model": "classifieds.locale", "pk": 935, "fields": {"locale_name": "gold coast", "abbreviation": "ool", "province": 14, "region": 6}}, {"model": "classifieds.locale", "pk": 936, "fields": {"locale_name": "goa", "abbreviation": "goa", "province": 85, "region": 2}}, {"model": "classifieds.locale", "pk": 937, "fields": {"locale_name": "glens falls", "abbreviation": "gfl", "province": 48, "region": 7}}, {"model": "classifieds.locale", "pk": 938, "fields": {"locale_name": "glasgow", "abbreviation": "gla", "province": 133, "region": 4}}, {"model": "classifieds.locale", "pk": 939, "fields": {"locale_name": "ghana", "abbreviation": "acc", "province": 79, "region": 1}}, {"model": "classifieds.locale", "pk": 940, "fields": {"locale_name": "genoa", "abbreviation": "gen", "province": 91, "region": 4}}, {"model": "classifieds.locale", "pk": 941, "fields": {"locale_name": "geneva", "abbreviation": "gva", "province": 126, "region": 4}}, {"model": "classifieds.locale", "pk": 942, "fields": {"locale_name": "galveston", "abbreviation": "gls", "province": 59, "region": 7}}, {"model": "classifieds.locale", "pk": 943, "fields": {"locale_name": "gainesville", "abbreviation": "gnv", "province": 25, "region": 7}}, {"model": "classifieds.locale", "pk": 944, "fields": {"locale_name": "gadsden-anniston", "abbreviation": "anb", "province": 16, "region": 7}}, {"model": "classifieds.locale", "pk": 945, "fields": {"locale_name": "fukuoka", "abbreviation": "fuk", "province": 92, "region": 2}}, {"model": "classifieds.locale", "pk": 946, "fields": {"locale_name": "ft myers / SW florida", "abbreviation": "fmy", "province": 25, "region": 7}}, {"model": "classifieds.locale", "pk": 947, "fields": {"locale_name": "ft mcmurray", "abbreviation": "fmc", "province": 2, "region": 3}}, {"model": "classifieds.locale", "pk": 948, "fields": {"locale_name": "fresno / madera", "abbreviation": "fre", "province": 20, "region": 7}}, {"model": "classifieds.locale", "pk": 949, "fields": {"locale_name": "fredericksburg", "abbreviation": "ezf", "province": 63, "region": 7}}, {"model": "classifieds.locale", "pk": 950, "fields": {"locale_name": "frederick", "abbreviation": "fdk", "province": 36, "region": 7}}, {"model": "classifieds.locale", "pk": 951, "fields": {"locale_name": "fraser valley", "abbreviation": "abb", "province": 3, "region": 3}}, {"model": "classifieds.locale", "pk": 952, "fields": {"locale_name": "frankfurt", "abbreviation": "fra", "province": 78, "region": 4}}, {"model": "classifieds.locale", "pk": 953, "fields": {"locale_name": "fortaleza", "abbreviation": "ftl", "province": 11, "region": 5}}, {"model": "classifieds.locale", "pk": 954, "fields": {"locale_name": "fort wayne", "abbreviation": "fwa", "province": 30, "region": 7}}, {"model": "classifieds.locale", "pk": 955, "fields": {"locale_name": "fort smith AR", "abbreviation": "fsm", "province": 19, "region": 7}}, {"model": "classifieds.locale", "pk": 956, "fields": {"locale_name": "fort lauderdale", "abbreviation": "mia", "province": 25, "region": 7}}, {"model": "classifieds.locale", "pk": 957, "fields": {"locale_name": "fort dodge", "abbreviation": "ftd", "province": 31, "region": 7}}, {"model": "classifieds.locale", "pk": 958, "fields": {"locale_name": "fort collins / north CO", "abbreviation": "ftc", "province": 21, "region": 7}}, {"model": "classifieds.locale", "pk": 959, "fields": {"locale_name": "florida keys", "abbreviation": "key", "province": 25, "region": 7}}, {"model": "classifieds.locale", "pk": 960, "fields": {"locale_name": "florence SC", "abbreviation": "flo", "province": 138, "region": 7}}, {"model": "classifieds.locale", "pk": 961, "fields": {"locale_name": "florence / tuscany", "abbreviation": "flr", "province": 91, "region": 4}}, {"model": "classifieds.locale", "pk": 962, "fields": {"locale_name": "florence / muscle shoals", "abbreviation": "msl", "province": 16, "region": 7}}, {"model": "classifieds.locale", "pk": 963, "fields": {"locale_name": "flint", "abbreviation": "fnt", "province": 38, "region": 7}}, {"model": "classifieds.locale", "pk": 964, "fields": {"locale_name": "flagstaff / sedona", "abbreviation": "flg", "province": 18, "region": 7}}, {"model": "classifieds.locale", "pk": 965, "fields": {"locale_name": "finland", "abbreviation": "hel", "province": 71, "region": 4}}, {"model": "classifieds.locale", "pk": 966, "fields": {"locale_name": "finger lakes", "abbreviation": "fgl", "province": 48, "region": 7}}, {"model": "classifieds.locale", "pk": 967, "fields": {"locale_name": "fayetteville AR", "abbreviation": "fyv", "province": 19, "region": 7}}, {"model": "classifieds.locale", "pk": 968, "fields": {"locale_name": "fayetteville", "abbreviation": "fay", "province": 49, "region": 7}}, {"model": "classifieds.locale", "pk": 969, "fields": {"locale_name": "faro / algarve", "abbreviation": "fro", "province": 115, "region": 4}}, {"model": "classifieds.locale", "pk": 970, "fields": {"locale_name": "farmington NM", "abbreviation": "fnm", "province": 47, "region": 7}}, {"model": "classifieds.locale", "pk": 971, "fields": {"locale_name": "fargo / moorhead", "abbreviation": "far", "province": 50, "region": 7}}, {"model": "classifieds.locale", "pk": 972, "fields": {"locale_name": "fairbanks", "abbreviation": "fai", "province": 17, "region": 7}}, {"model": "classifieds.locale", "pk": 973, "fields": {"locale_name": "evansville", "abbreviation": "ew", "province": 30, "region": 7}}, {"model": "classifieds.locale", "pk": 974, "fields": {"locale_name": "eugene", "abbreviation": "eug", "province": 53, "region": 7}}, {"model": "classifieds.locale", "pk": 975, "fields": {"locale_name": "ethiopia", "abbreviation": "add", "province": 76, "region": 1}}, {"model": "classifieds.locale", "pk": 976, "fields": {"locale_name": "essex", "abbreviation": "esx", "province": 133, "region": 4}}, {"model": "classifieds.locale", "pk": 977, "fields": {"locale_name": "essen / ruhr", "abbreviation": "ess", "province": 78, "region": 4}}, {"model": "classifieds.locale", "pk": 978, "fields": {"locale_name": "erie PA", "abbreviation": "eri", "province": 54, "region": 7}}, {"model": "classifieds.locale", "pk": 979, "fields": {"locale_name": "elmira-corning", "abbreviation": "elm", "province": 48, "region": 7}}, {"model": "classifieds.locale", "pk": 980, "fields": {"locale_name": "elko", "abbreviation": "elk", "province": 44, "region": 7}}, {"model": "classifieds.locale", "pk": 981, "fields": {"locale_name": "el salvador", "abbreviation": "sal", "province": 75, "region": 5}}, {"model": "classifieds.locale", "pk": 982, "fields": {"locale_name": "el paso", "abbreviation": "elp", "province": 59, "region": 7}}, {"model": "classifieds.locale", "pk": 983, "fields": {"locale_name": "egypt", "abbreviation": "cai", "province": 74, "region": 1}}, {"model": "classifieds.locale", "pk": 984, "fields": {"locale_name": "edmonton", "abbreviation": "edm", "province": 2, "region": 3}}, {"model": "classifieds.locale", "pk": 985, "fields": {"locale_name": "edinburgh", "abbreviation": "edi", "province": 133, "region": 4}}, {"model": "classifieds.locale", "pk": 986, "fields": {"locale_name": "ecuador", "abbreviation": "qui", "province": 73, "region": 5}}, {"model": "classifieds.locale", "pk": 987, "fields": {"locale_name": "eau claire", "abbreviation": "eau", "province": 66, "region": 7}}, {"model": "classifieds.locale", "pk": 988, "fields": {"locale_name": "eastern shore", "abbreviation": "esh", "province": 36, "region": 7}}, {"model": "classifieds.locale", "pk": 989, "fields": {"locale_name": "eastern panhandle", "abbreviation": "ewv", "province": 65, "region": 7}}, {"model": "classifieds.locale", "pk": 990, "fields": {"locale_name": "eastern NC", "abbreviation": "enc", "province": 49, "region": 7}}, {"model": "classifieds.locale", "pk": 991, "fields": {"locale_name": "eastern kentucky", "abbreviation": "eky", "province": 33, "region": 7}}, {"model": "classifieds.locale", "pk": 992, "fields": {"locale_name": "eastern CT", "abbreviation": "nlo", "province": 22, "region": 7}}, {"model": "classifieds.locale", "pk": 993, "fields": {"locale_name": "eastern CO", "abbreviation": "eco", "province": 21, "region": 7}}, {"model": "classifieds.locale", "pk": 994, "fields": {"locale_name": "east oregon", "abbreviation": "eor", "province": 53, "region": 7}}, {"model": "classifieds.locale", "pk": 995, "fields": {"locale_name": "east midlands", "abbreviation": "eml", "province": 133, "region": 4}}, {"model": "classifieds.locale", "pk": 996, "fields": {"locale_name": "east idaho", "abbreviation": "eid", "province": 28, "region": 7}}, {"model": "classifieds.locale", "pk": 997, "fields": {"locale_name": "east anglia", "abbreviation": "nwh", "province": 133, "region": 4}}, {"model": "classifieds.locale", "pk": 998, "fields": {"locale_name": "dusseldorf", "abbreviation": "dus", "province": 78, "region": 4}}, {"model": "classifieds.locale", "pk": 999, "fields": {"locale_name": "durban", "abbreviation": "dur", "province": 123, "region": 1}}, {"model": "classifieds.locale", "pk": 1000, "fields": {"locale_name": "dunedin", "abbreviation": "dud", "province": 103, "region": 6}}, {"model": "classifieds.locale", "pk": 1001, "fields": {"locale_name": "dundee", "abbreviation": "dnd", "province": 133, "region": 4}}, {"model": "classifieds.locale", "pk": 1002, "fields": {"locale_name": "duluth / superior", "abbreviation": "dlh", "province": 39, "region": 7}}, {"model": "classifieds.locale", "pk": 1003, "fields": {"locale_name": "dubuque", "abbreviation": "dbq", "province": 31, "region": 7}}, {"model": "classifieds.locale", "pk": 1004, "fields": {"locale_name": "dublin", "abbreviation": "dub", "province": 89, "region": 4}}, {"model": "classifieds.locale", "pk": 1005, "fields": {"locale_name": "dresden", "abbreviation": "drs", "province": 78, "region": 4}}, {"model": "classifieds.locale", "pk": 1006, "fields": {"locale_name": "dothan AL", "abbreviation": "dhn", "province": 16, "region": 7}}, {"model": "classifieds.locale", "pk": 1007, "fields": {"locale_name": "dominican republic", "abbreviation": "sdq", "province": 72, "region": 5}}, {"model": "classifieds.locale", "pk": 1008, "fields": {"locale_name": "devon & cornwall", "abbreviation": "dvc", "province": 133, "region": 4}}, {"model": "classifieds.locale", "pk": 1009, "fields": {"locale_name": "detroit metro", "abbreviation": "det", "province": 38, "region": 7}}, {"model": "classifieds.locale", "pk": 1010, "fields": {"locale_name": "des moines", "abbreviation": "dsm", "province": 31, "region": 7}}, {"model": "classifieds.locale", "pk": 1011, "fields": {"locale_name": "derby", "abbreviation": "dby", "province": 133, "region": 4}}, {"model": "classifieds.locale", "pk": 1012, "fields": {"locale_name": "denver", "abbreviation": "den", "province": 21, "region": 7}}, {"model": "classifieds.locale", "pk": 1013, "fields": {"locale_name": "delhi", "abbreviation": "del", "province": 85, "region": 2}}, {"model": "classifieds.locale", "pk": 1014, "fields": {"locale_name": "delaware", "abbreviation": "dlw", "province": 23, "region": 7}}, {"model": "classifieds.locale", "pk": 1015, "fields": {"locale_name": "del rio / eagle pass", "abbreviation": "drt", "province": 59, "region": 7}}, {"model": "classifieds.locale", "pk": 1016, "fields": {"locale_name": "deep east texas", "abbreviation": "och", "province": 59, "region": 7}}, {"model": "classifieds.locale", "pk": 1017, "fields": {"locale_name": "decatur IL", "abbreviation": "dil", "province": 29, "region": 7}}, {"model": "classifieds.locale", "pk": 1018, "fields": {"locale_name": "daytona beach", "abbreviation": "dab", "province": 25, "region": 7}}, {"model": "classifieds.locale", "pk": 1019, "fields": {"locale_name": "dayton / springfield", "abbreviation": "day", "province": 51, "region": 7}}, {"model": "classifieds.locale", "pk": 1020, "fields": {"locale_name": "davao city", "abbreviation": "dvo", "province": 113, "region": 2}}, {"model": "classifieds.locale", "pk": 1021, "fields": {"locale_name": "darwin", "abbreviation": "drw", "province": 14, "region": 6}}, {"model": "classifieds.locale", "pk": 1022, "fields": {"locale_name": "danville", "abbreviation": "dnv", "province": 63, "region": 7}}, {"model": "classifieds.locale", "pk": 1023, "fields": {"locale_name": "dallas / fort worth", "abbreviation": "dal", "province": 59, "region": 7}}, {"model": "classifieds.locale", "pk": 1024, "fields": {"locale_name": "dalian", "abbreviation": "dlc", "province": 4, "region": 2}}, {"model": "classifieds.locale", "pk": 1025, "fields": {"locale_name": "czech republic/prague", "abbreviation": "prg", "province": 70, "region": 4}}, {"model": "classifieds.locale", "pk": 1026, "fields": {"locale_name": "curitiba", "abbreviation": "cwb", "province": 11, "region": 5}}, {"model": "classifieds.locale", "pk": 1027, "fields": {"locale_name": "cumberland valley", "abbreviation": "cbg", "province": 54, "region": 7}}, {"model": "classifieds.locale", "pk": 1028, "fields": {"locale_name": "croatia", "abbreviation": "zag", "province": 69, "region": 4}}, {"model": "classifieds.locale", "pk": 1029, "fields": {"locale_name": "coventry", "abbreviation": "cov", "province": 133, "region": 4}}, {"model": "classifieds.locale", "pk": 1030, "fields": {"locale_name": "costa rica", "abbreviation": "cri", "province": 68, "region": 5}}, {"model": "classifieds.locale", "pk": 1031, "fields": {"locale_name": "corvallis/albany", "abbreviation": "crv", "province": 53, "region": 7}}, {"model": "classifieds.locale", "pk": 1032, "fields": {"locale_name": "corpus christi", "abbreviation": "crp", "province": 59, "region": 7}}, {"model": "classifieds.locale", "pk": 1033, "fields": {"locale_name": "cornwall ON", "abbreviation": "ycc", "province": 109, "region": 3}}, {"model": "classifieds.locale", "pk": 1034, "fields": {"locale_name": "copenhagen", "abbreviation": "cop", "province": 71, "region": 4}}, {"model": "classifieds.locale", "pk": 1035, "fields": {"locale_name": "cookeville", "abbreviation": "coo", "province": 57, "region": 7}}, {"model": "classifieds.locale", "pk": 1036, "fields": {"locale_name": "comox valley", "abbreviation": "cmx", "province": 3, "region": 3}}, {"model": "classifieds.locale", "pk": 1037, "fields": {"locale_name": "columbus GA", "abbreviation": "csg", "province": 26, "region": 7}}, {"model": "classifieds.locale", "pk": 1038, "fields": {"locale_name": "columbus", "abbreviation": "col", "province": 51, "region": 7}}, {"model": "classifieds.locale", "pk": 1039, "fields": {"locale_name": "columbia SC", "abbreviation": "cae", "province": 138, "region": 7}}, {"model": "classifieds.locale", "pk": 1040, "fields": {"locale_name": "columbia / jeff city", "abbreviation": "cou", "province": 41, "region": 7}}, {"model": "classifieds.locale", "pk": 1041, "fields": {"locale_name": "colorado springs", "abbreviation": "cos", "province": 21, "region": 7}}, {"model": "classifieds.locale", "pk": 1042, "fields": {"locale_name": "colombia", "abbreviation": "bog", "province": 15, "region": 5}}, {"model": "classifieds.locale", "pk": 1043, "fields": {"locale_name": "cologne", "abbreviation": "cgn", "province": 78, "region": 4}}, {"model": "classifieds.locale", "pk": 1044, "fields": {"locale_name": "college station", "abbreviation": "cst", "province": 59, "region": 7}}, {"model": "classifieds.locale", "pk": 1045, "fields": {"locale_name": "clovis / portales", "abbreviation": "cvn", "province": 47, "region": 7}}, {"model": "classifieds.locale", "pk": 1046, "fields": {"locale_name": "cleveland", "abbreviation": "cle", "province": 51, "region": 7}}, {"model": "classifieds.locale", "pk": 1047, "fields": {"locale_name": "clarksville TN", "abbreviation": "ckv", "province": 57, "region": 7}}, {"model": "classifieds.locale", "pk": 1048, "fields": {"locale_name": "ciudad juarez", "abbreviation": "cjs", "province": 100, "region": 5}}, {"model": "classifieds.locale", "pk": 1049, "fields": {"locale_name": "cincinnati OH", "abbreviation": "cin", "province": 51, "region": 7}}, {"model": "classifieds.locale", "pk": 1050, "fields": {"locale_name": "christchurch", "abbreviation": "chr", "province": 103, "region": 6}}, {"model": "classifieds.locale", "pk": 1051, "fields": {"locale_name": "chongqing", "abbreviation": "ckg", "province": 4, "region": 2}}, {"model": "classifieds.locale", "pk": 1052, "fields": {"locale_name": "chillicothe", "abbreviation": "chl", "province": 51, "region": 7}}, {"model": "classifieds.locale", "pk": 1053, "fields": {"locale_name": "chile", "abbreviation": "scl", "province": 13, "region": 5}}, {"model": "classifieds.locale", "pk": 1054, "fields": {"locale_name": "chihuahua", "abbreviation": "chh", "province": 100, "region": 5}}, {"model": "classifieds.locale", "pk": 1055, "fields": {"locale_name": "chico", "abbreviation": "chc", "province": 20, "region": 7}}, {"model": "classifieds.locale", "pk": 1056, "fields": {"locale_name": "chicago", "abbreviation": "chi", "province": 29, "region": 7}}, {"model": "classifieds.locale", "pk": 1057, "fields": {"locale_name": "chennai (madras)", "abbreviation": "che", "province": 85, "region": 2}}, {"model": "classifieds.locale", "pk": 1058, "fields": {"locale_name": "chengdu", "abbreviation": "ctu", "province": 4, "region": 2}}, {"model": "classifieds.locale", "pk": 1059, "fields": {"locale_name": "chautauqua", "abbreviation": "chq", "province": 48, "region": 7}}, {"model": "classifieds.locale", "pk": 1060, "fields": {"locale_name": "chattanooga", "abbreviation": "cht", "province": 57, "region": 7}}, {"model": "classifieds.locale", "pk": 1061, "fields": {"locale_name": "chatham-kent", "abbreviation": "chk", "province": 109, "region": 3}}, {"model": "classifieds.locale", "pk": 1062, "fields": {"locale_name": "charlottesville", "abbreviation": "uva", "province": 63, "region": 7}}, {"model": "classifieds.locale", "pk": 1063, "fields": {"locale_name": "charlotte", "abbreviation": "cha", "province": 49, "region": 7}}, {"model": "classifieds.locale", "pk": 1064, "fields": {"locale_name": "charleston WV", "abbreviation": "crw", "province": 65, "region": 7}}, {"model": "classifieds.locale", "pk": 1065, "fields": {"locale_name": "charleston SC", "abbreviation": "chs", "province": 138, "region": 7}}, {"model": "classifieds.locale", "pk": 1066, "fields": {"locale_name": "chandigarh", "abbreviation": "ixc", "province": 85, "region": 2}}, {"model": "classifieds.locale", "pk": 1067, "fields": {"locale_name": "champaign urbana", "abbreviation": "chm", "province": 29, "region": 7}}, {"model": "classifieds.locale", "pk": 1068, "fields": {"locale_name": "central NJ", "abbreviation": "cnj", "province": 46, "region": 7}}, {"model": "classifieds.locale", "pk": 1069, "fields": {"locale_name": "central michigan", "abbreviation": "cmu", "province": 38, "region": 7}}, {"model": "classifieds.locale", "pk": 1070, "fields": {"locale_name": "central louisiana", "abbreviation": "aex", "province": 34, "region": 7}}, {"model": "classifieds.locale", "pk": 1071, "fields": {"locale_name": "cedar rapids", "abbreviation": "ced", "province": 31, "region": 7}}, {"model": "classifieds.locale", "pk": 1072, "fields": {"locale_name": "cebu", "abbreviation": "ceb", "province": 113, "region": 2}}, {"model": "classifieds.locale", "pk": 1073, "fields": {"locale_name": "catskills", "abbreviation": "cat", "province": 48, "region": 7}}, {"model": "classifieds.locale", "pk": 1074, "fields": {"locale_name": "cariboo", "abbreviation": "cbo", "province": 3, "region": 3}}, {"model": "classifieds.locale", "pk": 1075, "fields": {"locale_name": "caribbean islands", "abbreviation": "crb", "province": 12, "region": 5}}, {"model": "classifieds.locale", "pk": 1076, "fields": {"locale_name": "cardiff / wales", "abbreviation": "cym", "province": 133, "region": 4}}, {"model": "classifieds.locale", "pk": 1077, "fields": {"locale_name": "cape town", "abbreviation": "cpt", "province": 123, "region": 1}}, {"model": "classifieds.locale", "pk": 1078, "fields": {"locale_name": "cape cod / islands", "abbreviation": "cap", "province": 37, "region": 7}}, {"model": "classifieds.locale", "pk": 1079, "fields": {"locale_name": "canberra", "abbreviation": "cbr", "province": 14, "region": 6}}, {"model": "classifieds.locale", "pk": 1080, "fields": {"locale_name": "canarias", "abbreviation": "tfn", "province": 124, "region": 4}}, {"model": "classifieds.locale", "pk": 1081, "fields": {"locale_name": "cambridge UK", "abbreviation": "cam", "province": 133, "region": 4}}, {"model": "classifieds.locale", "pk": 1082, "fields": {"locale_name": "calgary", "abbreviation": "clg", "province": 2, "region": 3}}, {"model": "classifieds.locale", "pk": 1083, "fields": {"locale_name": "cairns", "abbreviation": "cns", "province": 14, "region": 6}}, {"model": "classifieds.locale", "pk": 1084, "fields": {"locale_name": "cagayan de oro", "abbreviation": "cdo", "province": 113, "region": 2}}, {"model": "classifieds.locale", "pk": 1085, "fields": {"locale_name": "cadiz", "abbreviation": "cdz", "province": 124, "region": 4}}, {"model": "classifieds.locale", "pk": 1086, "fields": {"locale_name": "butte", "abbreviation": "btm", "province": 42, "region": 7}}, {"model": "classifieds.locale", "pk": 1087, "fields": {"locale_name": "bulgaria", "abbreviation": "sof", "province": 8, "region": 4}}, {"model": "classifieds.locale", "pk": 1088, "fields": {"locale_name": "buffalo", "abbreviation": "buf", "province": 48, "region": 7}}, {"model": "classifieds.locale", "pk": 1089, "fields": {"locale_name": "buenos aires", "abbreviation": "bue", "province": 9, "region": 5}}, {"model": "classifieds.locale", "pk": 1090, "fields": {"locale_name": "budapest", "abbreviation": "bud", "province": 83, "region": 4}}, {"model": "classifieds.locale", "pk": 1091, "fields": {"locale_name": "brunswick GA", "abbreviation": "bwk", "province": 26, "region": 7}}, {"model": "classifieds.locale", "pk": 1092, "fields": {"locale_name": "brownsville", "abbreviation": "bro", "province": 59, "region": 7}}, {"model": "classifieds.locale", "pk": 1093, "fields": {"locale_name": "brittany", "abbreviation": "rns", "province": 77, "region": 4}}, {"model": "classifieds.locale", "pk": 1094, "fields": {"locale_name": "bristol", "abbreviation": "brs", "province": 133, "region": 4}}, {"model": "classifieds.locale", "pk": 1095, "fields": {"locale_name": "brisbane", "abbreviation": "bne", "province": 14, "region": 6}}, {"model": "classifieds.locale", "pk": 1096, "fields": {"locale_name": "brighton", "abbreviation": "bri", "province": 133, "region": 4}}, {"model": "classifieds.locale", "pk": 1097, "fields": {"locale_name": "bremen", "abbreviation": "brm", "province": 78, "region": 4}}, {"model": "classifieds.locale", "pk": 1098, "fields": {"locale_name": "brasilia", "abbreviation": "bsb", "province": 11, "region": 5}}, {"model": "classifieds.locale", "pk": 1099, "fields": {"locale_name": "brantford-woodstock", "abbreviation": "bfd", "province": 109, "region": 3}}, {"model": "classifieds.locale", "pk": 1100, "fields": {"locale_name": "brainerd", "abbreviation": "brd", "province": 39, "region": 7}}, {"model": "classifieds.locale", "pk": 1101, "fields": {"locale_name": "bozeman", "abbreviation": "bzn", "province": 42, "region": 7}}, {"model": "classifieds.locale", "pk": 1102, "fields": {"locale_name": "bowling green", "abbreviation": "blg", "province": 33, "region": 7}}, {"model": "classifieds.locale", "pk": 1103, "fields": {"locale_name": "boulder", "abbreviation": "bou", "province": 21, "region": 7}}, {"model": "classifieds.locale", "pk": 1104, "fields": {"locale_name": "boston", "abbreviation": "bos", "province": 37, "region": 7}}, {"model": "classifieds.locale", "pk": 1105, "fields": {"locale_name": "bordeaux", "abbreviation": "bod", "province": 77, "region": 4}}, {"model": "classifieds.locale", "pk": 1106, "fields": {"locale_name": "boone", "abbreviation": "bnc", "province": 49, "region": 7}}, {"model": "classifieds.locale", "pk": 1107, "fields": {"locale_name": "bologna", "abbreviation": "blg", "province": 91, "region": 4}}, {"model": "classifieds.locale", "pk": 1108, "fields": {"locale_name": "bolivia", "abbreviation": "lpb", "province": 10, "region": 5}}, {"model": "classifieds.locale", "pk": 1109, "fields": {"locale_name": "boise", "abbreviation": "boi", "province": 28, "region": 7}}, {"model": "classifieds.locale", "pk": 1110, "fields": {"locale_name": "bloomington IN", "abbreviation": "bmg", "province": 30, "region": 7}}, {"model": "classifieds.locale", "pk": 1111, "fields": {"locale_name": "bloomington-normal", "abbreviation": "bln", "province": 29, "region": 7}}, {"model": "classifieds.locale", "pk": 1112, "fields": {"locale_name": "bismarck", "abbreviation": "bis", "province": 50, "region": 7}}, {"model": "classifieds.locale", "pk": 1113, "fields": {"locale_name": "birmingham AL", "abbreviation": "bhm", "province": 16, "region": 7}}, {"model": "classifieds.locale", "pk": 1114, "fields": {"locale_name": "birmingham / west mids", "abbreviation": "bhx", "province": 133, "region": 4}}, {"model": "classifieds.locale", "pk": 1115, "fields": {"locale_name": "binghamton", "abbreviation": "bgm", "province": 48, "region": 7}}, {"model": "classifieds.locale", "pk": 1116, "fields": {"locale_name": "billings", "abbreviation": "bil", "province": 42, "region": 7}}, {"model": "classifieds.locale", "pk": 1117, "fields": {"locale_name": "bilbao", "abbreviation": "bio", "province": 124, "region": 4}}, {"model": "classifieds.locale", "pk": 1118, "fields": {"locale_name": "bicol region", "abbreviation": "wnp", "province": 113, "region": 2}}, {"model": "classifieds.locale", "pk": 1119, "fields": {"locale_name": "bhubaneswar", "abbreviation": "bbi", "province": 85, "region": 2}}, {"model": "classifieds.locale", "pk": 1120, "fields": {"locale_name": "bern", "abbreviation": "brn", "province": 126, "region": 4}}, {"model": "classifieds.locale", "pk": 1121, "fields": {"locale_name": "berlin", "abbreviation": "ber", "province": 78, "region": 4}}, {"model": "classifieds.locale", "pk": 1122, "fields": {"locale_name": "bend", "abbreviation": "bnd", "province": 53, "region": 7}}, {"model": "classifieds.locale", "pk": 1123, "fields": {"locale_name": "bemidji", "abbreviation": "bji", "province": 39, "region": 7}}, {"model": "classifieds.locale", "pk": 1124, "fields": {"locale_name": "belo horizonte", "abbreviation": "cnf", "province": 11, "region": 5}}, {"model": "classifieds.locale", "pk": 1125, "fields": {"locale_name": "bellingham", "abbreviation": "bli", "province": 64, "region": 7}}, {"model": "classifieds.locale", "pk": 1126, "fields": {"locale_name": "belleville ON", "abbreviation": "bel", "province": 109, "region": 3}}, {"model": "classifieds.locale", "pk": 1127, "fields": {"locale_name": "belgium", "abbreviation": "bru", "province": 7, "region": 4}}, {"model": "classifieds.locale", "pk": 1128, "fields": {"locale_name": "belfast", "abbreviation": "blf", "province": 133, "region": 4}}, {"model": "classifieds.locale", "pk": 1129, "fields": {"locale_name": "beirut lebanon", "abbreviation": "bey", "province": 96, "region": 2}}, {"model": "classifieds.locale", "pk": 1130, "fields": {"locale_name": "beijing", "abbreviation": "pek", "province": 4, "region": 2}}, {"model": "classifieds.locale", "pk": 1131, "fields": {"locale_name": "beaumont / port arthur", "abbreviation": "bpt", "province": 59, "region": 7}}, {"model": "classifieds.locale", "pk": 1132, "fields": {"locale_name": "battle creek", "abbreviation": "btc", "province": 38, "region": 7}}, {"model": "classifieds.locale", "pk": 1133, "fields": {"locale_name": "baton rouge", "abbreviation": "btr", "province": 34, "region": 7}}, {"model": "classifieds.locale", "pk": 1134, "fields": {"locale_name": "bath", "abbreviation": "bth", "province": 133, "region": 4}}, {"model": "classifieds.locale", "pk": 1135, "fields": {"locale_name": "basel", "abbreviation": "bsl", "province": 126, "region": 4}}, {"model": "classifieds.locale", "pk": 1136, "fields": {"locale_name": "barrie", "abbreviation": "brr", "province": 109, "region": 3}}, {"model": "classifieds.locale", "pk": 1137, "fields": {"locale_name": "barcelona", "abbreviation": "bar", "province": 124, "region": 4}}, {"model": "classifieds.locale", "pk": 1138, "fields": {"locale_name": "bangladesh", "abbreviation": "bgl", "province": 1, "region": 2}}, {"model": "classifieds.locale", "pk": 1139, "fields": {"locale_name": "bangalore", "abbreviation": "bng", "province": 85, "region": 2}}, {"model": "classifieds.locale", "pk": 1140, "fields": {"locale_name": "baltimore", "abbreviation": "bal", "province": 36, "region": 7}}, {"model": "classifieds.locale", "pk": 1141, "fields": {"locale_name": "baleares", "abbreviation": "ibz", "province": 124, "region": 4}}, {"model": "classifieds.locale", "pk": 1142, "fields": {"locale_name": "bakersfield", "abbreviation": "bak", "province": 20, "region": 7}}, {"model": "classifieds.locale", "pk": 1143, "fields": {"locale_name": "baja california sur", "abbreviation": "bcs", "province": 100, "region": 5}}, {"model": "classifieds.locale", "pk": 1144, "fields": {"locale_name": "bacolod", "abbreviation": "bcd", "province": 113, "region": 2}}, {"model": "classifieds.locale", "pk": 1145, "fields": {"locale_name": "austria/vienna", "abbreviation": "vie", "province": 6, "region": 4}}, {"model": "classifieds.locale", "pk": 1146, "fields": {"locale_name": "austin", "abbreviation": "aus", "province": 59, "region": 7}}, {"model": "classifieds.locale", "pk": 1147, "fields": {"locale_name": "augusta", "abbreviation": "aug", "province": 26, "region": 7}}, {"model": "classifieds.locale", "pk": 1148, "fields": {"locale_name": "auckland NZ", "abbreviation": "akl", "province": 103, "region": 6}}, {"model": "classifieds.locale", "pk": 1149, "fields": {"locale_name": "auburn", "abbreviation": "aub", "province": 16, "region": 7}}, {"model": "classifieds.locale", "pk": 1150, "fields": {"locale_name": "atlanta", "abbreviation": "atl", "province": 26, "region": 7}}, {"model": "classifieds.locale", "pk": 1151, "fields": {"locale_name": "athens OH", "abbreviation": "ohu", "province": 51, "region": 7}}, {"model": "classifieds.locale", "pk": 1152, "fields": {"locale_name": "athens GA", "abbreviation": "ahn", "province": 26, "region": 7}}, {"model": "classifieds.locale", "pk": 1153, "fields": {"locale_name": "ashtabula", "abbreviation": "jfn", "province": 51, "region": 7}}, {"model": "classifieds.locale", "pk": 1154, "fields": {"locale_name": "asheville", "abbreviation": "ash", "province": 49, "region": 7}}, {"model": "classifieds.locale", "pk": 1155, "fields": {"locale_name": "appleton-oshkosh-FDL", "abbreviation": "app", "province": 66, "region": 7}}, {"model": "classifieds.locale", "pk": 1156, "fields": {"locale_name": "annapolis", "abbreviation": "anp", "province": 36, "region": 7}}, {"model": "classifieds.locale", "pk": 1157, "fields": {"locale_name": "ann arbor", "abbreviation": "aaa", "province": 38, "region": 7}}, {"model": "classifieds.locale", "pk": 1158, "fields": {"locale_name": "anchorage / mat-su", "abbreviation": "anc", "province": 17, "region": 7}}, {"model": "classifieds.locale", "pk": 1159, "fields": {"locale_name": "amsterdam / randstad", "abbreviation": "ams", "province": 102, "region": 4}}, {"model": "classifieds.locale", "pk": 1160, "fields": {"locale_name": "ames IA", "abbreviation": "ame", "province": 31, "region": 7}}, {"model": "classifieds.locale", "pk": 1161, "fields": {"locale_name": "amarillo", "abbreviation": "ama", "province": 59, "region": 7}}, {"model": "classifieds.locale", "pk": 1162, "fields": {"locale_name": "altoona-johnstown", "abbreviation": "aoo", "province": 54, "region": 7}}, {"model": "classifieds.locale", "pk": 1163, "fields": {"locale_name": "alicante", "abbreviation": "alc", "province": 124, "region": 4}}, {"model": "classifieds.locale", "pk": 1164, "fields": {"locale_name": "albuquerque", "abbreviation": "abq", "province": 47, "region": 7}}, {"model": "classifieds.locale", "pk": 1165, "fields": {"locale_name": "albany GA", "abbreviation": "aby", "province": 26, "region": 7}}, {"model": "classifieds.locale", "pk": 1166, "fields": {"locale_name": "albany", "abbreviation": "alb", "province": 48, "region": 7}}, {"model": "classifieds.locale", "pk": 1167, "fields": {"locale_name": "akron / canton", "abbreviation": "cak", "province": 51, "region": 7}}, {"model": "classifieds.locale", "pk": 1168, "fields": {"locale_name": "ahmedabad", "abbreviation": "amd", "province": 85, "region": 2}}, {"model": "classifieds.locale", "pk": 1169, "fields": {"locale_name": "adelaide", "abbreviation": "adl", "province": 14, "region": 6}}, {"model": "classifieds.locale", "pk": 1170, "fields": {"locale_name": "acapulco", "abbreviation": "aca", "province": 100, "region": 5}}, {"model": "classifieds.locale", "pk": 1171, "fields": {"locale_name": "abilene", "abbreviation": "abi", "province": 59, "region": 7}}, {"model": "classifieds.locale", "pk": 1172, "fields": {"locale_name": "aberdeen", "abbreviation": "abz", "province": 133, "region": 4}}, {"model": "classifieds.province", "pk": 1, "fields": {"province_name": "Bangladesh", "region": 1}}, {"model": "classifieds.province", "pk": 2, "fields": {"province_name": "Alberta", "region": 3}}, {"model": "classifieds.province", "pk": 3, "fields": {"province_name": "British Columbia", "region": 3}}, {"model": "classifieds.province", "pk": 4, "fields": {"province_name": "China", "region": 3}}, {"model": "classifieds.province", "pk": 5, "fields": {"province_name": "New Brunswick", "region": 3}}, {"model": "classifieds.province", "pk": 6, "fields": {"province_name": "Austria", "region": 4}}, {"model": "classifieds.province", "pk": 7, "fields": {"province_name": "Belgium", "region": 4}}, {"model": "classifieds.province", "pk": 8, "fields": {"province_name": "Bulgaria", "region": 4}}, {"model": "classifieds.province", "pk": 9, "fields": {"province_name": "Argentina", "region": 5}}, {"model": "classifieds.province", "pk": 10, "fields": {"province_name": "Bolivia", "region": 5}}, {"model": "classifieds.province", "pk": 11, "fields": {"province_name": "Brazil", "region": 5}}, {"model": "classifieds.province", "pk": 12, "fields": {"province_name": "Caribbean Islands", "region": 5}}, {"model": "classifieds.province", "pk": 13, "fields": {"province_name": "Chile", "region": 5}}, {"model": "classifieds.province", "pk": 14, "fields": {"province_name": "Australia", "region": 6}}, {"model": "classifieds.province", "pk": 15, "fields": {"province_name": "Colombia", "region": 6}}, {"model": "classifieds.province", "pk": 16, "fields": {"province_name": "Alabama", "region": 7}}, {"model": "classifieds.province", "pk": 17, "fields": {"province_name": "Alaska", "region": 7}}, {"model": "classifieds.province", "pk": 18, "fields": {"province_name": "Arizona", "region": 7}}, {"model": "classifieds.province", "pk": 19, "fields": {"province_name": "Arkansas", "region": 7}}, {"model": "classifieds.province", "pk": 20, "fields": {"province_name": "California", "region": 7}}, {"model": "classifieds.province", "pk": 21, "fields": {"province_name": "Colorado", "region": 7}}, {"model": "classifieds.province", "pk": 22, "fields": {"province_name": "Connecticut", "region": 7}}, {"model": "classifieds.province", "pk": 23, "fields": {"province_name": "Delaware", "region": 7}}, {"model": "classifieds.province", "pk": 24, "fields": {"province_name": "District of Columbia", "region": 7}}, {"model": "classifieds.province", "pk": 25, "fields": {"province_name": "Florida", "region": 7}}, {"model": "classifieds.province", "pk": 26, "fields": {"province_name": "Georgia", "region": 7}}, {"model": "classifieds.province", "pk": 27, "fields": {"province_name": "Hawaii", "region": 7}}, {"model": "classifieds.province", "pk": 28, "fields": {"province_name": "Idaho", "region": 7}}, {"model": "classifieds.province", "pk": 29, "fields": {"province_name": "Illinois", "region": 7}}, {"model": "classifieds.province", "pk": 30, "fields": {"province_name": "Indiana", "region": 7}}, {"model": "classifieds.province", "pk": 31, "fields": {"province_name": "Iowa", "region": 7}}, {"model": "classifieds.province", "pk": 32, "fields": {"province_name": "Kansas", "region": 7}}, {"model": "classifieds.province", "pk": 33, "fields": {"province_name": "Kentucky", "region": 7}}, {"model": "classifieds.province", "pk": 34, "fields": {"province_name": "Louisiana", "region": 7}}, {"model": "classifieds.province", "pk": 35, "fields": {"province_name": "Maine", "region": 7}}, {"model": "classifieds.province", "pk": 36, "fields": {"province_name": "Maryland", "region": 7}}, {"model": "classifieds.province", "pk": 37, "fields": {"province_name": "Massachusetts", "region": 7}}, {"model": "classifieds.province", "pk": 38, "fields": {"province_name": "Michigan", "region": 7}}, {"model": "classifieds.province", "pk": 39, "fields": {"province_name": "Minnesota", "region": 7}}, {"model": "classifieds.province", "pk": 40, "fields": {"province_name": "Mississippi", "region": 7}}, {"model": "classifieds.province", "pk": 41, "fields": {"province_name": "Missouri", "region": 7}}, {"model": "classifieds.province", "pk": 42, "fields": {"province_name": "Montana", "region": 7}}, {"model": "classifieds.province", "pk": 43, "fields": {"province_name": "Nebraska", "region": 7}}, {"model": "classifieds.province", "pk": 44, "fields": {"province_name": "Nevada", "region": 7}}, {"model": "classifieds.province", "pk": 45, "fields": {"province_name": "New Hampshire", "region": 7}}, {"model": "classifieds.province", "pk": 46, "fields": {"province_name": "New Jersey", "region": 7}}, {"model": "classifieds.province", "pk": 47, "fields": {"province_name": "New Mexico", "region": 7}}, {"model": "classifieds.province", "pk": 48, "fields": {"province_name": "New York", "region": 7}}, {"model": "classifieds.province", "pk": 49, "fields": {"province_name": "North Carolina", "region": 7}}, {"model": "classifieds.province", "pk": 50, "fields": {"province_name": "North Dakota", "region": 7}}, {"model": "classifieds.province", "pk": 51, "fields": {"province_name": "Ohio", "region": 7}}, {"model": "classifieds.province", "pk": 52, "fields": {"province_name": "Oklahoma", "region": 7}}, {"model": "classifieds.province", "pk": 53, "fields": {"province_name": "Oregon", "region": 7}}, {"model": "classifieds.province", "pk": 54, "fields": {"province_name": "Pennsylvania", "region": 7}}, {"model": "classifieds.province", "pk": 55, "fields": {"province_name": "Rhode Island", "region": 7}}, {"model": "classifieds.province", "pk": 56, "fields": {"province_name": "South Dakota", "region": 7}}, {"model": "classifieds.province", "pk": 57, "fields": {"province_name": "Tennessee", "region": 7}}, {"model": "classifieds.province", "pk": 58, "fields": {"province_name": "Territories", "region": 7}}, {"model": "classifieds.province", "pk": 59, "fields": {"province_name": "Texas", "region": 7}}, {"model": "classifieds.province", "pk": 60, "fields": {"province_name": "Utah", "region": 7}}, {"model": "classifieds.province", "pk": 61, "fields": {"province_name": "Vermont", "region": 7}}, {"model": "classifieds.province", "pk": 62, "fields": {"province_name": "Virgin Islands U.S.", "region": 7}}, {"model": "classifieds.province", "pk": 63, "fields": {"province_name": "Virginia", "region": 7}}, {"model": "classifieds.province", "pk": 64, "fields": {"province_name": "Washington", "region": 7}}, {"model": "classifieds.province", "pk": 65, "fields": {"province_name": "West Virginia", "region": 7}}, {"model": "classifieds.province", "pk": 66, "fields": {"province_name": "Wisconsin", "region": 7}}, {"model": "classifieds.province", "pk": 67, "fields": {"province_name": "Wyoming", "region": 7}}, {"model": "classifieds.province", "pk": 68, "fields": {"province_name": "Costa Rica", "region": 5}}, {"model": "classifieds.province", "pk": 69, "fields": {"province_name": "Croatia", "region": 4}}, {"model": "classifieds.province", "pk": 70, "fields": {"province_name": "Czech Republic", "region": 4}}, {"model": "classifieds.province", "pk": 71, "fields": {"province_name": "Denmark", "region": 4}}, {"model": "classifieds.province", "pk": 72, "fields": {"province_name": "Dominican Republic", "region": 5}}, {"model": "classifieds.province", "pk": 73, "fields": {"province_name": "Ecuador", "region": 5}}, {"model": "classifieds.province", "pk": 74, "fields": {"province_name": "Egypt", "region": 1}}, {"model": "classifieds.province", "pk": 75, "fields": {"province_name": "El Salvador", "region": 5}}, {"model": "classifieds.province", "pk": 76, "fields": {"province_name": "Ethiopia", "region": 1}}, {"model": "classifieds.province", "pk": 77, "fields": {"province_name": "France", "region": 4}}, {"model": "classifieds.province", "pk": 78, "fields": {"province_name": "Germany", "region": 4}}, {"model": "classifieds.province", "pk": 79, "fields": {"province_name": "Ghana", "region": 1}}, {"model": "classifieds.province", "pk": 80, "fields": {"province_name": "Greece", "region": 4}}, {"model": "classifieds.province", "pk": 81, "fields": {"province_name": "Guatemala", "region": 5}}, {"model": "classifieds.province", "pk": 82, "fields": {"province_name": "Hong Kong", "region": 2}}, {"model": "classifieds.province", "pk": 83, "fields": {"province_name": "Hungary", "region": 4}}, {"model": "classifieds.province", "pk": 84, "fields": {"province_name": "Iceland", "region": 4}}, {"model": "classifieds.province", "pk": 85, "fields": {"province_name": "India", "region": 2}}, {"model": "classifieds.province", "pk": 86, "fields": {"province_name": "Indonesia", "region": 2}}, {"model": "classifieds.province", "pk": 87, "fields": {"province_name": "Iran", "region": 2}}, {"model": "classifieds.province", "pk": 88, "fields": {"province_name": "Iraq", "region": 2}}, {"model": "classifieds.province", "pk": 89, "fields": {"province_name": "Ireland", "region": 4}}, {"model": "classifieds.province", "pk": 90, "fields": {"province_name": "Israel and Palestine", "region": 2}}, {"model": "classifieds.province", "pk": 91, "fields": {"province_name": "Italy", "region": 4}}, {"model": "classifieds.province", "pk": 92, "fields": {"province_name": "Japan", "region": 2}}, {"model": "classifieds.province", "pk": 93, "fields": {"province_name": "Kenya", "region": 1}}, {"model": "classifieds.province", "pk": 94, "fields": {"province_name": "Korea", "region": 2}}, {"model": "classifieds.province", "pk": 95, "fields": {"province_name": "Kuwait", "region": 2}}, {"model": "classifieds.province", "pk": 96, "fields": {"province_name": "Lebanon", "region": 2}}, {"model": "classifieds.province", "pk": 97, "fields": {"province_name": "Luxembourg", "region": 4}}, {"model": "classifieds.province", "pk": 98, "fields": {"province_name": "Malaysia", "region": 2}}, {"model": "classifieds.province", "pk": 99, "fields": {"province_name": "Manitoba", "region": 3}}, {"model": "classifieds.province", "pk": 100, "fields": {"province_name": "Mexico", "region": 5}}, {"model": "classifieds.province", "pk": 101, "fields": {"province_name": "Morocco", "region": 1}}, {"model": "classifieds.province", "pk": 102, "fields": {"province_name": "Netherlands", "region": 4}}, {"model": "classifieds.province", "pk": 103, "fields": {"province_name": "New Zealand", "region": 6}}, {"model": "classifieds.province", "pk": 104, "fields": {"province_name": "Newfoundland and Labrador", "region": 3}}, {"model": "classifieds.province", "pk": 105, "fields": {"province_name": "Nicaragua", "region": 5}}, {"model": "classifieds.province", "pk": 106, "fields": {"province_name": "Northwest Territories", "region": 3}}, {"model": "classifieds.province", "pk": 107, "fields": {"province_name": "Norway", "region": 4}}, {"model": "classifieds.province", "pk": 108, "fields": {"province_name": "Nova Scotia", "region": 3}}, {"model": "classifieds.province", "pk": 109, "fields": {"province_name": "Ontario", "region": 3}}, {"model": "classifieds.province", "pk": 110, "fields": {"province_name": "Pakistan", "region": 2}}, {"model": "classifieds.province", "pk": 111, "fields": {"province_name": "Panama", "region": 5}}, {"model": "classifieds.province", "pk": 112, "fields": {"province_name": "Peru", "region": 5}}, {"model": "classifieds.province", "pk": 113, "fields": {"province_name": "Philippines", "region": 2}}, {"model": "classifieds.province", "pk": 114, "fields": {"province_name": "Poland", "region": 4}}, {"model": "classifieds.province", "pk": 115, "fields": {"province_name": "Portugal", "region": 4}}, {"model": "classifieds.province", "pk": 116, "fields": {"province_name": "Prince Edward Island", "region": 3}}, {"model": "classifieds.province", "pk": 117, "fields": {"province_name": "Puerto Rico", "region": 5}}, {"model": "classifieds.province", "pk": 118, "fields": {"province_name": "Quebec", "region": 3}}, {"model": "classifieds.province", "pk": 119, "fields": {"province_name": "Romania", "region": 4}}, {"model": "classifieds.province", "pk": 120, "fields": {"province_name": "Russian Federation", "region": 4}}, {"model": "classifieds.province", "pk": 121, "fields": {"province_name": "Saskatchewan", "region": 3}}, {"model": "classifieds.province", "pk": 122, "fields": {"province_name": "Singapore", "region": 2}}, {"model": "classifieds.province", "pk": 123, "fields": {"province_name": "South Africa", "region": 1}}, {"model": "classifieds.province", "pk": 124, "fields": {"province_name": "Spain", "region": 4}}, {"model": "classifieds.province", "pk": 125, "fields": {"province_name": "Sweden", "region": 4}}, {"model": "classifieds.province", "pk": 126, "fields": {"province_name": "Switzerland", "region": 4}}, {"model": "classifieds.province", "pk": 127, "fields": {"province_name": "Taiwan", "region": 2}}, {"model": "classifieds.province", "pk": 128, "fields": {"province_name": "Thailand", "region": 2}}, {"model": "classifieds.province", "pk": 129, "fields": {"province_name": "Tunisia", "region": 1}}, {"model": "classifieds.province", "pk": 130, "fields": {"province_name": "Turkey", "region": 4}}, {"model": "classifieds.province", "pk": 131, "fields": {"province_name": "Ukraine", "region": 4}}, {"model": "classifieds.province", "pk": 132, "fields": {"province_name": "United Arab Emirates", "region": 2}}, {"model": "classifieds.province", "pk": 133, "fields": {"province_name": "United Kingdom", "region": 4}}, {"model": "classifieds.province", "pk": 134, "fields": {"province_name": "Uruguay", "region": 5}}, {"model": "classifieds.province", "pk": 135, "fields": {"province_name": "Venezuela", "region": 5}}, {"model": "classifieds.province", "pk": 136, "fields": {"province_name": "Vietnam", "region": 2}}, {"model": "classifieds.province", "pk": 137, "fields": {"province_name": "Yukon Territory", "region": 3}}, {"model": "classifieds.province", "pk": 138, "fields": {"province_name": "South Carolina", "region": 7}}, {"model": "classifieds.region", "pk": 1, "fields": {"region_name": "Africa"}}, {"model": "classifieds.region", "pk": 2, "fields": {"region_name": "Asia Pacific and Middle East"}}, {"model": "classifieds.region", "pk": 3, "fields": {"region_name": "Canada"}}, {"model": "classifieds.region", "pk": 4, "fields": {"region_name": "Europe"}}, {"model": "classifieds.region", "pk": 5, "fields": {"region_name": "Latin America and Caribbean"}}, {"model": "classifieds.region", "pk": 6, "fields": {"region_name": "Oceania"}}, {"model": "classifieds.region", "pk": 7, "fields": {"region_name": "US"}}, {"model": "classifieds.section", "pk": 1, "fields": {"section_name": "water"}}, {"model": "classifieds.section", "pk": 2, "fields": {"section_name": "food"}}, {"model": "classifieds.section", "pk": 3, "fields": {"section_name": "shelter"}}, {"model": "classifieds.section", "pk": 4, "fields": {"section_name": "heat"}}, {"model": "classifieds.section", "pk": 5, "fields": {"section_name": "clothing"}}, {"model": "classifieds.section", "pk": 6, "fields": {"section_name": "ppe"}}, {"model": "classifieds.section", "pk": 7, "fields": {"section_name": "security"}}, {"model": "classifieds.section", "pk": 8, "fields": {"section_name": "labor"}}, {"model": "classifieds.section", "pk": 9, "fields": {"section_name": "organizing"}}, {"model": "classifieds.section", "pk": 10, "fields": {"section_name": "communications"}}, {"model": "classifieds.section", "pk": 11, "fields": {"section_name": "friendship"}}, {"model": "classifieds.section", "pk": 14, "fields": {"section_name": "transportation"}}, {"model": "classifieds.section", "pk": 15, "fields": {"section_name": "joy"}}, {"model": "classifieds.subsection", "pk": 2, "fields": {"subsection_name": "needed"}}, {"model": "classifieds.subsection", "pk": 3, "fields": {"subsection_name": "available"}}, {"model": "classifieds.subsection", "pk": 4, "fields": {"subsection_name": "resources"}}, {"model": "classifieds.subsection", "pk": 5, "fields": {"subsection_name": "organizations"}}, {"model": "classifieds.classified", "pk": 7, "fields": {"classified_title": "beans bacon and gravy", "classified_text": "beans bacon and gravy\r\nalmost drive me crazy", "datetime_created": "2020-04-15T18:33:12.557Z", "locale": 1056, "section": 2, "subsection": 3}}, {"model": "classifieds.classified", "pk": 8, "fields": {"classified_title": "looking for someone to play go with", "classified_text": "i'm not very good, maybe 15kyu\r\n\r\nclontarfminded@icloud.com", "datetime_created": "2020-04-16T00:39:24.699Z", "locale": 1056, "section": 11, "subsection": 2}}, {"model": "classifieds.classified", "pk": 9, "fields": {"classified_title": "looking for someone to play go with", "classified_text": "i'm not very good, maybe 15kyu\r\n\r\nclontarfminded@icloud.com", "datetime_created": "2020-04-16T00:40:58.097Z", "locale": 1056, "section": 11, "subsection": 2}}, {"model": "classifieds.classified", "pk": 10, "fields": {"classified_title": "the ultrasounds were a great band", "classified_text": "the goat", "datetime_created": "2020-04-16T00:44:12.434Z", "locale": 1056, "section": 15, "subsection": 3}}, {"model": "classifieds.classified", "pk": 11, "fields": {"classified_title": "idk mane", "classified_text": "fart", "datetime_created": "2020-04-16T00:47:35.734Z", "locale": 476, "section": 11, "subsection": 2}}, {"model": "classifieds.classified", "pk": 12, "fields": {"classified_title": "idk mane", "classified_text": "fart", "datetime_created": "2020-04-16T00:53:30.713Z", "locale": 476, "section": 11, "subsection": 2}}, {"model": "classifieds.classified", "pk": 13, "fields": {"classified_title": "looking for people to record with", "classified_text": "terrapin", "datetime_created": "2020-04-16T00:54:57.389Z", "locale": 1056, "section": 15, "subsection": 2}}, {"model": "classifieds.classified", "pk": 14, "fields": {"classified_title": "looking for people to record with", "classified_text": "terrapin", "datetime_created": "2020-04-16T01:00:23.195Z", "locale": 1056, "section": 15, "subsection": 2}}, {"model": "classifieds.classified", "pk": 15, "fields": {"classified_title": "looking for people to record with", "classified_text": "terrapin", "datetime_created": "2020-04-16T01:01:56.198Z", "locale": 1056, "section": 15, "subsection": 2}}, {"model": "classifieds.classified", "pk": 16, "fields": {"classified_title": "phases", "classified_text": "good record", "datetime_created": "2020-04-16T01:02:28.645Z", "locale": 476, "section": 15, "subsection": 3}}, {"model": "classifieds.classified", "pk": 17, "fields": {"classified_title": "who knows", "classified_text": "who knows", "datetime_created": "2020-04-16T01:04:37.211Z", "locale": 468, "section": 15, "subsection": 2}}, {"model": "classifieds.classified", "pk": 18, "fields": {"classified_title": "who knows", "classified_text": "who knows", "datetime_created": "2020-04-16T01:05:24.476Z", "locale": 468, "section": 15, "subsection": 2}}, {"model": "classifieds.classified", "pk": 19, "fields": {"classified_title": "i saw you", "classified_text": "i saw youuuuuuu", "datetime_created": "2020-04-16T18:27:48.160Z", "locale": 473, "section": 3, "subsection": 2}}, {"model": "classifieds.page", "pk": 1, "fields": {"page_name": "about", "page_text": "Breadlist is a classifieds website for Mutual Aid.\r\n\r\nIntended to be a simple and easy to use means of directly connecting people in communities.\r\n\r\nUsers can post \"Needed\" or \"Available\" classifieds for a variety of categories, from Water to PPE to Friendship. We can also post resources or organizations relevant to the categories."}}, {"model": "classifieds.page", "pk": 2, "fields": {"page_name": "help", "page_text": "help"}}, {"model": "classifieds.page", "pk": 3, "fields": {"page_name": "faq", "page_text": "faq"}}, {"model": "classifieds.page", "pk": 4, "fields": {"page_name": "contribute", "page_text": "https://github.com/clontarfminded/breadlist"}}, {"model": "classifieds.page", "pk": 5, "fields": {"page_name": "what is mutual aid?", "page_text": "yup"}}]